"Username";"Profile URL";"Video Views";"Number of videos";"Modelhub rank"
"GingerLovesAnal";"https://www.modelhub.com/gingerlovesanal";"2.4K";"38";"1,562"
"The Chubbs";"https://www.modelhub.com/the-chubbs";"9.4K";"60";"1,563"
"Lara Cumkitten";"https://www.modelhub.com/lara-cumkitten";"21.3K";"17";"1,565"
"Darkskinellie";"https://www.modelhub.com/darkskinellie";"2.7K";"12";"1,566"
"Thtsmrdaddy";"https://www.modelhub.com/thtsmrdaddy";"3.1K";"13";"1,567"
"AnaliseMagical";"https://www.modelhub.com/analisemagical";"16.2K";"69";"1,568"
"Goddess Lilith";"https://www.modelhub.com/goddess-lilith";"25.9K";"254";"1,569"
"DRAYA BANKS";"https://www.modelhub.com/draya-banks";"75.6K";"24";"1,570"
"Emilia Song";"https://www.modelhub.com/emilia-song";"34.4K";"99";"1,572"
"Cruel Reell";"https://www.modelhub.com/cruel-reell";"18.8K";"205";"1,574"
"Mira-Grey";"https://www.modelhub.com/mira-grey";"56K";"57";"1,575"
"Kiara Edwards";"https://www.modelhub.com/kiara-edwards";"31.5K";"96";"1,576"
"Hotkralya";"https://www.modelhub.com/hotkralya";"36.7K";"139";"1,578"
"MagicMintCouple";"https://www.modelhub.com/magicmintcouple";"26.1K";"71";"1,579"
"AJ Applegate";"https://www.modelhub.com/yourgirlaj";"24.6K";"7";"1,581"
"Samantha 38g";"https://www.modelhub.com/samantha-38g";"33K";"69";"1,582"
"BeeRich420";"https://www.modelhub.com/beerich420";"1.6K";"51";"1,583"
"Isabellekim";"https://www.modelhub.com/isabellekim";"3.8K";"25";"1,587"
"KristinaKot";"https://www.modelhub.com/kristinakot";"72.5K";"157";"1,588"
"Anouk2015";"https://www.modelhub.com/anouk2015";"63.9K";"69";"1,590"
"Moriah Mills";"https://www.modelhub.com/moriahmills";"13.1K";"10";"1,591"
"Sasha Bikeyeva";"https://www.modelhub.com/sasha-bikeyeva";"107K";"136";"1,592"
"GinFetish";"https://www.modelhub.com/ginfetish";"18K";"88";"1,594"
"Sweet Mia";"https://www.modelhub.com/sweet-mia";"49.6K";"77";"1,596"
"Baby Jai";"https://www.modelhub.com/baby-jai";"50.5K";"381";"1,598"
"BeckyTailor";"https://www.modelhub.com/beckytailor";"40.2K";"58";"1,600"
"Ariel Blaze";"https://www.modelhub.com/ariel-blaze";"27.5K";"64";"1,601"
"Amelia Skye";"https://www.modelhub.com/amelia-skye";"41.2K";"68";"1,603"
"Mia Mercy";"https://www.modelhub.com/mia-mercy";"15.9K";"10";"1,604"
"Aidra Fox";"https://www.modelhub.com/aidra-fox";"9.4K";"10";"1,605"
"Isabel Shelly";"https://www.modelhub.com/isabel-shelly";"421";"5";"1,606"
"AlluringExposure";"https://www.modelhub.com/alluringexposure";"1K";"19";"1,607"
"Sofia_Venum";"https://www.modelhub.com/sofia_venum";"139";"5";"1,608"
"Siena Rose";"https://www.modelhub.com/siena-rose";"13.6K";"107";"1,609"
"Barbi Booty";"https://www.modelhub.com/barbi-booty";"12K";"48";"1,610"
"Sex_Associates";"https://www.modelhub.com/sex_associates";"13.2K";"139";"1,611"
"TrissForYou";"https://www.modelhub.com/trissforyou";"2.6K";"47";"1,612"
"Xxxjavi37";"https://www.modelhub.com/xxxjavi37";"26.7K";"243";"1,614"
"AnthoniSun";"https://www.modelhub.com/anthonisun";"2.9K";"51";"1,615"
"Aaliyah Love";"https://www.modelhub.com/aaliyah-love";"4K";"43";"1,616"
"RosiePosie1317";"https://www.modelhub.com/rosieposie1317";"4.7K";"14";"1,617"
"BlackQueenRaven";"https://www.modelhub.com/blackqueenraven";"19.2K";"42";"1,618"
"Honey BooBoo";"https://www.modelhub.com/honey-booboo";"8.4K";"71";"1,620"
"Ayumi Anime";"https://www.modelhub.com/ayumi-anime";"62.9K";"20";"1,622"
"Sarah Lace";"https://www.modelhub.com/sarah-lace";"24.3K";"45";"1,623"
"Selena_Marie";"https://www.modelhub.com/selena_marie";"4K";"10";"1,624"
"Kiara Savannah";"https://www.modelhub.com/kiara-savannah";"3.8K";"78";"1,625"
"BlackJackTriple";"https://www.modelhub.com/blackjacktriple";"18.1K";"75";"1,628"
"Rachael Cavalli";"https://www.modelhub.com/rachael-cavalli";"24.8K";"33";"1,629"
"Alexis Mason";"https://www.modelhub.com/alexis-mason";"13.8K";"65";"1,630"
"Lavender Joy";"https://www.modelhub.com/lavender-joy";"1.8K";"31";"1,631"
"Horny Kira";"https://www.modelhub.com/horny-kira";"19.3K";"64";"1,632"
"Naughtysoulmates";"https://www.modelhub.com/naughtysoulmates";"33.9K";"68";"1,633"
"The Art Of Cum";"https://www.modelhub.com/the-art-of-cum";"23.4K";"38";"1,634"
"Mana310";"https://www.modelhub.com/mana310";"15.7K";"76";"1,635"
"Ms Fine";"https://www.modelhub.com/ms-fine";"19.3K";"99";"1,636"
"Merc√® Palau";"https://www.modelhub.com/merc%C3%A8-palau";"80.2K";"45";"1,637"
"Catpaws";"https://www.modelhub.com/catpaws";"19.7K";"122";"1,638"
"Sarai Minx";"https://www.modelhub.com/sarai-minx";"22.1K";"16";"1,641"
"Jay And Vee";"https://www.modelhub.com/jay-and-vee";"3.1K";"13";"1,642"
"Katrin20";"https://www.modelhub.com/katrin20";"12.2K";"41";"1,643"
"TeenSerenety";"https://www.modelhub.com/teenserenety";"189K";"243";"1,644"
"Niurakoshkina";"https://www.modelhub.com/niurakoshkina";"24.6K";"36";"1,645"
"Mira Lime";"https://www.modelhub.com/mira-lime";"51.7K";"72";"1,646"
"JulyaAndRaul";"https://www.modelhub.com/julyaandraul";"28.9K";"34";"1,647"
"NatashaF";"https://www.modelhub.com/natashaf";"441";"13";"1,648"
"Crimsonrose13";"https://www.modelhub.com/crimsonrose13";"13.7K";"157";"1,649"
"Mixedgirl21";"https://www.modelhub.com/mixedgirl21";"2.9K";"58";"1,651"
"Madison Morgan Tv";"https://www.modelhub.com/madison-morgan-tv";"3.1K";"20";"1,653"
"NicoleFallon";"https://www.modelhub.com/nicolefallon";"1.7K";"18";"1,654"
"TwoFreaksInNH";"https://www.modelhub.com/twofreaksinnh";"22.4K";"264";"1,656"
"Raya Rai";"https://www.modelhub.com/raya-rai";"12.1K";"124";"1,658"
"Tidbitxx";"https://www.modelhub.com/tidbitxx";"2.5K";"66";"1,659"
"RiriDucky";"https://www.modelhub.com/ririducky";"4.2K";"23";"1,660"
"Maominvshen";"https://www.modelhub.com/maominvshen";"30.2K";"45";"1,662"
"Mameotokomarron";"https://www.modelhub.com/mameotokomarron";"29K";"70";"1,663"
"Indigo Sin";"https://www.modelhub.com/indigo-sin";"25.4K";"40";"1,664"
"HaydenBlue";"https://www.modelhub.com/haydenblue";"63.9K";"114";"1,665"
"Prettybambi";"https://www.modelhub.com/prettybambi";"21.8K";"85";"1,666"
"HumpinHannah";"https://www.modelhub.com/humpinhannah";"61.6K";"49";"1,667"
"Hcombs18";"https://www.modelhub.com/hcombs18";"16.6K";"158";"1,668"
"Jessie Cassie";"https://www.modelhub.com/jessie-cassie";"21.2K";"156";"1,671"
"Alee Vega";"https://www.modelhub.com/alee-vega";"22.5K";"17";"1,674"
"Serra_Angel";"https://www.modelhub.com/serra_angel";"585";"4";"1,675"
"Kylie Jacobs";"https://www.modelhub.com/kylie-jacobs";"46.1K";"441";"1,676"
"Joibae";"https://www.modelhub.com/joibae";"20.7K";"15";"1,680"
"Cherry Cummings";"https://www.modelhub.com/cherry-cummings";"3.3K";"93";"1,683"
"Analtrooper Strapon";"https://www.modelhub.com/analtrooper-strapon";"17.7K";"79";"1,684"
"AdventuresofRxB";"https://www.modelhub.com/adventuresofrxb";"351";"11";"1,685"
"Amber_Alix";"https://www.modelhub.com/amber_alix";"40.2K";"181";"1,686"
"Al3xakra";"https://www.modelhub.com/al3xakra";"32.5K";"163";"1,687"
"MariLewdVi";"https://www.modelhub.com/marilewdvi";"49.4K";"405";"1,688"
"PacificNWCouple";"https://www.modelhub.com/pacificnwcouple";"3.6K";"48";"1,690"
"Arabian Boobie";"https://www.modelhub.com/arabian-boobie";"76.4K";"43";"1,692"
"Hanna Orio";"https://www.modelhub.com/hanna-orio";"17.4K";"23";"1,693"
"GoldenAssGirl";"https://www.modelhub.com/goldenassgirl";"3.4K";"40";"1,695"
"Projectfundiary";"https://www.modelhub.com/projectfundiary";"21.2K";"111";"1,696"
"Lana Monroe";"https://www.modelhub.com/lana-monroe";"41.5K";"84";"1,697"
"Bonniealex";"https://www.modelhub.com/bonniealex";"8.1K";"84";"1,699"
"My-Nina";"https://www.modelhub.com/my-nina";"570";"20";"1,701"
"Ipledgeallegiance";"https://www.modelhub.com/ipledgeallegiance";"3.4K";"30";"1,702"
"Kelle Martina";"https://www.modelhub.com/kelle-martina";"19K";"72";"1,703"
"Krystal Davis";"https://www.modelhub.com/krystaldavisxxx";"39K";"97";"1,704"
"BlueFoxSpy";"https://www.modelhub.com/bluefoxspy";"12.9K";"41";"1,705"
"Penny Barber";"https://www.modelhub.com/penny-barber";"32.5K";"55";"1,706"
"Lena Rose";"https://www.modelhub.com/lena-rose";"33.7K";"156";"1,707"
"TinySpinnerMILF";"https://www.modelhub.com/tinyspinnermilf";"16K";"127";"1,708"
"Gabby Monroe";"https://www.modelhub.com/gabby-monroe";"54.6K";"54";"1,709"
"Indica Monroe";"https://www.modelhub.com/indica-monroe";"26.8K";"11";"1,710"
"NIcole And Alex";"https://www.modelhub.com/nicole-and-alex";"26K";"181";"1,711"
"Crybae";"https://www.modelhub.com/crybae";"15.2K";"38";"1,713"
"Lucious Lina";"https://www.modelhub.com/lucious-lina";"2.8K";"49";"1,715"
"Venus Adonis";"https://www.modelhub.com/venus-adonis";"18.2K";"50";"1,718"
"420kinkcouple";"https://www.modelhub.com/420kinkcouple";"12K";"31";"1,719"
"Katrin Tequila";"https://www.modelhub.com/katrin-tequila";"33.4K";"74";"1,720"
"Josie4yourpleasure";"https://www.modelhub.com/josie4yourpleasure";"46.7K";"138";"1,722"
"Thebeejayshow";"https://www.modelhub.com/thebeejayshow";"28.3K";"25";"1,723"
"AlifieKush";"https://www.modelhub.com/alifiekush";"19K";"32";"1,724"
"Jeffandpatty";"https://www.modelhub.com/jeffandpatty";"26.7K";"102";"1,725"
"MhieAnn";"https://www.modelhub.com/mhieann";"20.7K";"95";"1,726"
"Dakota Marr";"https://www.modelhub.com/dakota-marr";"53.9K";"156";"1,727"
"ZlataShine";"https://www.modelhub.com/zlatashine";"5K";"61";"1,728"
"Maggiequeen";"https://www.modelhub.com/maggiequeen";"12.7K";"143";"1,729"
"Ashlynne";"https://www.modelhub.com/playtimecouple01";"2.5K";"13";"1,730"
"LittleAsianDoll";"https://www.modelhub.com/littleasiandoll";"9.3K";"273";"1,731"
"Noratheo";"https://www.modelhub.com/noratheo";"5.1K";"39";"1,732"
"Chocolateinvanilla";"https://www.modelhub.com/chocolateinvanilla";"4.7K";"29";"1,733"
"Young_peach";"https://www.modelhub.com/young_peach";"661";"21";"1,734"
"ReddAndAsheXXX";"https://www.modelhub.com/reddandashexxx";"20.7K";"41";"1,735"
"Creedsqueen";"https://www.modelhub.com/creedsqueen";"39.8K";"205";"1,736"
"Bitchinbubba";"https://www.modelhub.com/bitchinbubba";"167K";"27";"1,737"
"Amethyst1997";"https://www.modelhub.com/amethyst1997";"11.6K";"71";"1,738"
"Heidiv";"https://www.modelhub.com/heidiv";"14.7K";"72";"1,739"
"Mailboxdiary";"https://www.modelhub.com/mailboxdiary";"8.1K";"15";"1,743"
"Kassy_Kage";"https://www.modelhub.com/kassy_kage";"18.5K";"42";"1,744"
"Joey Lee";"https://www.modelhub.com/joey-lee";"2.5K";"68";"1,745"
"Cameron Canela";"https://www.modelhub.com/cameron-canela";"12.4K";"8";"1,746"
"Melissa_Burn";"https://www.modelhub.com/melissa_burn";"4.6K";"24";"1,747"
"VirtuallyLewd";"https://www.modelhub.com/virtuallylewd";"2.6K";"4";"1,748"
"Sharinami";"https://www.modelhub.com/sharinami";"13.6K";"30";"1,749"
"Courtesan Annabel";"https://www.modelhub.com/courtesanannabel";"70.7K";"108";"1,750"
"Carmen Valentina";"https://www.modelhub.com/carmen-valentina";"33.2K";"89";"1,751"
"Aby_Ssexy";"https://www.modelhub.com/aby_ssexy";"9.4K";"79";"1,752"
"Laralundi";"https://www.modelhub.com/laralundi";"8.6K";"39";"1,755"
"Bubble Butt Samoan Milf";"https://www.modelhub.com/bubble-butt-samoan-milf";"4.6K";"35";"1,756"
"Alhana Winter";"https://www.modelhub.com/alhana-winter";"79.7K";"196";"1,757"
"Kingsley";"https://www.modelhub.com/kingsleyyall";"23.3K";"64";"1,758"
"Babe Eva";"https://www.modelhub.com/babe-eva";"3.8K";"31";"1,759"
"Lou Nesbit";"https://www.modelhub.com/lou_nesbit";"57.9K";"79";"1,762"
"Player1vplayer2";"https://www.modelhub.com/player1vplayer2";"491";"2";"1,763"
"Sunday Papaya";"https://www.modelhub.com/sunday-papaya";"246";"8";"1,764"
"Sophia Wolfe";"https://www.modelhub.com/sophia-wolfe";"2.7K";"14";"1,765"
"Czkrok";"https://www.modelhub.com/czkrok";"7.8K";"21";"1,766"
"NyaMilf";"https://www.modelhub.com/nyamilf";"2.4K";"19";"1,768"
"Lady Cucci";"https://www.modelhub.com/lady-cucci";"20.4K";"27";"1,767"
"Leya Falcon";"https://www.modelhub.com/leya-falcon";"60.4K";"107";"1,769"
"EbonyFleur";"https://www.modelhub.com/ebonyfleur";"24.5K";"25";"1,770"
"Virgin Elizabeth";"https://www.modelhub.com/virgin-elizabeth";"11.1K";"29";"1,771"
"Sky Pierce";"https://www.modelhub.com/sky-pierce";"13.2K";"36";"1,772"
"Hairy_fairy148";"https://www.modelhub.com/hairy_fairy148";"827";"4";"1,773"
"Kimmys Feet";"https://www.modelhub.com/kimmys-feet";"13.9K";"85";"1,774"
"Catinred";"https://www.modelhub.com/catinred";"20.2K";"102";"1,776"
"Naomi Luna";"https://www.modelhub.com/naomi-luna";"2.6K";"38";"1,778"
"Sage Willow";"https://www.modelhub.com/sage-willow";"15.8K";"63";"1,779"
"Swiss Chocolate";"https://www.modelhub.com/swiss-chocolate";"16.3K";"61";"1,780"
"Young Goddess Kim";"https://www.modelhub.com/young-goddess-kim";"15.2K";"73";"1,781"
"Ivy Secret";"https://www.modelhub.com/ivy-secret";"23.6K";"54";"1,782"
"Spicysara";"https://www.modelhub.com/spicysara";"2.1K";"39";"1,785"
"Riley Nicks";"https://www.modelhub.com/riley-nicks";"14.5K";"26";"1,786"
"LustyBustyLara";"https://www.modelhub.com/lustybustylara";"17.3K";"67";"1,788"
"Amari Anne";"https://www.modelhub.com/amari-anne";"24.3K";"22";"1,789"
"Wifey_Blows_Best";"https://www.modelhub.com/wifey_blows_best";"36.8K";"51";"1,791"
"Alexamato";"https://www.modelhub.com/alexamato";"76.2K";"190";"1,792"
"NickiYoung";"https://www.modelhub.com/nickiyoung";"56.2K";"127";"1,793"
"Rosestorm32";"https://www.modelhub.com/rosestorm32";"7.4K";"27";"1,796"
"NemiBDesire";"https://www.modelhub.com/nemibdesire";"122K";"142";"1,797"
"Crystal Rush";"https://www.modelhub.com/crystal-rush";"33.2K";"130";"1,798"
"MommyLactating";"https://www.modelhub.com/mommylactating";"20.3K";"108";"1,799"
"Alexandenysa";"https://www.modelhub.com/alexandenysa";"58.6K";"132";"1,800"
"Kathdecker";"https://www.modelhub.com/kathdecker";"2.4K";"42";"1,801"
"BubbleButtKay";"https://www.modelhub.com/bubblebuttkay";"2.1K";"37";"1,802"
"Bastienne Cross";"https://www.modelhub.com/bastienne-cross";"25.5K";"107";"1,803"
"Lockhartt7";"https://www.modelhub.com/lockhartt7";"19.9K";"22";"1,805"
"Swollen Belly Girl";"https://www.modelhub.com/swollen-belly-girl";"3.4K";"23";"1,806"
"Alexxa Vice";"https://www.modelhub.com/alexxaviceirl";"19.3K";"58";"1,808"
"Melon Ice";"https://www.modelhub.com/melon-ice";"3K";"27";"1,809"
"SexyPerfectAss";"https://www.modelhub.com/sexyperfectass";"31.7K";"124";"1,810"
"Alexis Crystal";"https://www.modelhub.com/alexis-crystal";"5.6K";"11";"1,811"
"Lady WOW";"https://www.modelhub.com/lady-wow";"122K";"67";"1,812"
"FLIRT HOTEL";"https://www.modelhub.com/flirt-hotel";"3.4K";"93";"1,813"
"Jaybbgirl";"https://www.modelhub.com/jaybbgirl";"20.2K";"79";"1,815"
"The Goddess Clue";"https://www.modelhub.com/the-goddess-clue";"12.3K";"128";"1,816"
"Miss Safiya";"https://www.modelhub.com/miss-safiya";"20.4K";"204";"1,817"
"MarieKlaire";"https://www.modelhub.com/marieklaire";"29.1K";"147";"1,818"
"BDSM-Elves";"https://www.modelhub.com/bdsm-elves";"4.9K";"39";"1,819"
"Sai Slut";"https://www.modelhub.com/sai-slut";"18.9K";"31";"1,820"
"Kaori7dominick";"https://www.modelhub.com/kaori7dominick";"6.2K";"22";"1,821"
"Kira Green";"https://www.modelhub.com/kira-green";"14.2K";"83";"1,822"
"Zirael_Rem";"https://www.modelhub.com/zirael_rem";"8.5K";"60";"1,823"
"Tammie Madison";"https://www.modelhub.com/tammie-madison";"41.6K";"127";"1,824"
"JewlieSparxx";"https://www.modelhub.com/jewliesparxx";"83.7K";"85";"1,825"
"Goddess Kyaa";"https://www.modelhub.com/goddess-kyaa";"35K";"122";"1,826"
"Mikezoom23";"https://www.modelhub.com/mikezoom23";"660";"8";"1,827"
"Beth Kinky";"https://www.modelhub.com/beth-kinky";"148K";"1,029";"1,828"
"Pepper Sins";"https://www.modelhub.com/pepper-sins";"60.1K";"41";"1,831"
"Bald Bratty";"https://www.modelhub.com/bald-bratty";"816";"25";"1,832"
"Venusflyytrapp";"https://www.modelhub.com/venusflyytrapp";"19.6K";"22";"1,833"
"Mila Garcia";"https://www.modelhub.com/mila-garcia";"78.6K";"53";"1,834"
"Hottwaty";"https://www.modelhub.com/hottwaty";"40.4K";"136";"1,835"
"Aestrith Doll";"https://www.modelhub.com/aestrith-doll";"2.5K";"8";"1,841"
"Q_eenOfAnal";"https://www.modelhub.com/q_eenofanal";"2.5K";"29";"1,842"
"Velma Voodoo";"https://www.modelhub.com/velma-voodoo";"35.4K";"101";"1,843"
"Deepthroat424";"https://www.modelhub.com/deepthroat424";"1K";"10";"1,844"
"Vanessa Jay";"https://www.modelhub.com/vanessa-jay";"765";"8";"1,845"
"Anotherhornycouple";"https://www.modelhub.com/anotherhornycouple";"64.5K";"28";"1,846"
"Chloe Cum Queen";"https://www.modelhub.com/chloe-cum-queen";"16.4K";"29";"1,847"
"MissDinky";"https://www.modelhub.com/missdinky";"1.3K";"28";"1,849"
"ALEXISxJAMES";"https://www.modelhub.com/alexisxjames";"25.6K";"100";"1,850"
"Bee And Ro";"https://www.modelhub.com/bee-and-ro";"5.3K";"61";"1,851"
"Cassandra Calogera";"https://www.modelhub.com/cassandra-calogera";"38.6K";"55";"1,852"
"Kate Rehi";"https://www.modelhub.com/kate-rehi";"15.5K";"50";"1,853"
"FootjobsQueen";"https://www.modelhub.com/footjobsqueen";"709";"23";"1,854"
"Raven066";"https://www.modelhub.com/raven066";"26.1K";"44";"1,856"
"Bunny Cum";"https://www.modelhub.com/bunny-cum";"7.7K";"10";"1,857"
"Cherokee D Ass";"https://www.modelhub.com/cherokee-d-ass";"197K";"111";"1,858"
"Taipei1001";"https://www.modelhub.com/taipei1001";"40.7K";"48";"1,860"
"Stacey Reid";"https://www.modelhub.com/stacey-reid";"48.4K";"212";"1,861"
"Juliehotmom";"https://www.modelhub.com/juliehotmom";"53.1K";"49";"1,863"
"Hazel Gracee";"https://www.modelhub.com/hazel-gracee";"6.7K";"37";"1,864"
"Daddymademeawhore";"https://www.modelhub.com/daddymademeawhore";"575";"6";"1,867"
"Dolly Kelly";"https://www.modelhub.com/dolly-kelly";"10.6K";"28";"1,868"
"Anna And Larry";"https://www.modelhub.com/anna-and-larry";"23K";"193";"1,869"
"PandoraAphrodite";"https://www.modelhub.com/pandoraaphrodite";"951";"25";"1,873"
"Maya Sinstress";"https://www.modelhub.com/maya-sinstress";"40.7K";"331";"1,874"
"PassionBunny";"https://www.modelhub.com/passionbunny";"46.1K";"174";"1,875"
"Niley Lop";"https://www.modelhub.com/niley-lop";"30.9K";"10";"1,878"
"TsannaTS";"https://www.modelhub.com/tsannats";"10K";"49";"1,879"
"Erika Adler";"https://www.modelhub.com/erika-adler";"442";"15";"1,880"
"WetCouple1996";"https://www.modelhub.com/wetcouple1996";"34.1K";"69";"1,881"
"Anna Bell Peaks";"https://www.modelhub.com/anna-bell-peaks";"11.1K";"5";"1,883"
"Succubus Sin";"https://www.modelhub.com/succubus-sin";"4K";"6";"1,884"
"Ariana Marie";"https://www.modelhub.com/ariana-marie";"6.4K";"2";"1,888"
"Tiny_slut_dina";"https://www.modelhub.com/tiny_slut_dina";"39.2K";"22";"1,889"
"PhoseMaster69";"https://www.modelhub.com/phosemaster69";"25.9K";"111";"1,890"
"Bailey Bangzz";"https://www.modelhub.com/bailey-bangzz";"14.4K";"59";"1,891"
"Brazilian Hotwife";"https://www.modelhub.com/brazilian-hotwife";"274K";"113";"1,892"
"BrianaBlack";"https://www.modelhub.com/brianablack";"24.9K";"92";"1,893"
"Oral Creampie";"https://www.modelhub.com/oral-creampie";"21.6K";"27";"1,894"
"LeoKleo";"https://www.modelhub.com/leokleo";"11.5K";"78";"1,897"
"LiliMissarab";"https://www.modelhub.com/lilimissarab";"38.7K";"122";"1,898"
"Samantha Starfish";"https://www.modelhub.com/samantha-starfish";"20.6K";"69";"1,899"
"Viva Athena";"https://www.modelhub.com/viva-athena";"32.2K";"52";"1,900"
"Ashlynn Taylor";"https://www.modelhub.com/ashlynn-taylor";"23.8K";"73";"1,901"
"SexyAFCouple";"https://www.modelhub.com/sexyafcouple";"14.7K";"42";"1,902"
"AMG-69";"https://www.modelhub.com/amg-69";"24.3K";"134";"1,903"
"QueenDollFace";"https://www.modelhub.com/queendollface";"3.5K";"16";"1,904"
"TQ Rica";"https://www.modelhub.com/tq-rica";"19.5K";"83";"1,905"
"Fantasy Femme";"https://www.modelhub.com/fantasy-femme";"1.9K";"38";"1,906"
"Eider Gonzalez";"https://www.modelhub.com/eider-gonzalez";"1.8K";"36";"1,907"
"FitBeasts";"https://www.modelhub.com/fitbeasts";"9.5K";"36";"1,908"
"Candy Camille";"https://www.modelhub.com/candy-camille";"73.7K";"212";"1,909"
"CallieOlivia";"https://www.modelhub.com/callieolivia";"15.9K";"72";"1,910"
"Lesbian_illusion";"https://www.modelhub.com/lesbian_illusion";"1K";"97";"1,911"
"Cum_Panties";"https://www.modelhub.com/cum_panties";"43.3K";"95";"1,912"
"Charlotte Cross";"https://www.modelhub.com/charlotte-cross";"11.7K";"18";"1,914"
"My Latina Crush";"https://www.modelhub.com/my-latina-crush";"44.9K";"129";"1,915"
"Mysexymodel";"https://www.modelhub.com/mysexymodel";"9.4K";"30";"1,916"
"Melena A";"https://www.modelhub.com/melena-a";"60.4K";"34";"1,918"
"Uncle Studio";"https://www.modelhub.com/uncle-studio";"20.2K";"81";"1,920"
"Conner Jay";"https://www.modelhub.com/conner-jay";"4.8K";"7";"1,922"
"Demora Avarice";"https://www.modelhub.com/demora-avarice";"34.2K";"35";"1,923"
"Eve Bella Adams";"https://www.modelhub.com/eve-bella-adams";"349";"22";"1,924"
"My_little_betsy";"https://www.modelhub.com/my_little_betsy";"10.9K";"54";"1,925"
"BrunAlexxx";"https://www.modelhub.com/brunalexxx";"24.9K";"15";"1,927"
"Sskok16";"https://www.modelhub.com/sskok16";"2.1K";"36";"1,928"
"Honeyfleur";"https://www.modelhub.com/honeyfleur";"7.8K";"122";"1,929"
"Mrs32G";"https://www.modelhub.com/mrs32g";"5.6K";"19";"1,930"
"LunitaLove";"https://www.modelhub.com/lunitalove";"55.9K";"105";"1,931"
"Elizabeth Shameless";"https://www.modelhub.com/elizabeth-shameless";"20.6K";"94";"1,932"
"RadioPornoPanda";"https://www.modelhub.com/radiopornopanda";"7.2K";"32";"1,933"
"KaydenWithPaul";"https://www.modelhub.com/kaydenwithpaul";"1.1K";"29";"1,934"
"Queen Cunt";"https://www.modelhub.com/queen-cunt";"458";"5";"1,935"
"Smallbrowngirls";"https://www.modelhub.com/smallbrowngirls";"3.3K";"14";"1,937"
"RomeoNJulee8";"https://www.modelhub.com/romeonjulee8";"17.4K";"191";"1,940"
"Kiki_Marie";"https://www.modelhub.com/kiki_marie";"9.7K";"11";"1,941"
"Jasminemmarie";"https://www.modelhub.com/jasminemmarie";"3.8K";"27";"1,945"
"AylaEXPOSED";"https://www.modelhub.com/aylaexposed";"48.2K";"46";"1,946"
"Young_strawberry";"https://www.modelhub.com/young_strawberry";"13.1K";"66";"1,948"
"Mistress T";"https://www.modelhub.com/mistress-t";"11.9K";"9";"1,949"
"Blackjoker1024";"https://www.modelhub.com/blackjoker1024";"2.8K";"73";"1,950"
"BeautifulAnal";"https://www.modelhub.com/beautifulanal";"77.5K";"32";"1,951"
"German Sex";"https://www.modelhub.com/german-sex";"23.4K";"136";"1,953"
"Sue Bunny";"https://www.modelhub.com/sue-bunny";"51K";"167";"1,954"
"CheekyHaze";"https://www.modelhub.com/cheekyhaze";"9.7K";"91";"1,957"
"Dana Santo";"https://www.modelhub.com/dana-santo";"91.8K";"179";"1,958"
"SexyLyah";"https://www.modelhub.com/sexylyah";"39.1K";"171";"1,959"
"Elizabethhunnyxox";"https://www.modelhub.com/elizabethhunnyxox";"33.4K";"60";"1,961"
"Sara Latina";"https://www.modelhub.com/sara-latina";"7.1K";"61";"1,962"
"Rave Baby";"https://www.modelhub.com/rave-baby";"39.9K";"66";"1,964"
"VeronicaGlasses";"https://www.modelhub.com/veronicaglasses";"31.2K";"116";"1,965"
"FrustratedPidgeons";"https://www.modelhub.com/frustratedpidgeons";"6.5K";"107";"1,966"
"Aubrey Black";"https://www.modelhub.com/aubrey-black";"22.9K";"20";"1,967"
"Mary Konopelka";"https://www.modelhub.com/mary-konopelka";"8.3K";"44";"1,968"
"Linneluz";"https://www.modelhub.com/linneluz";"652";"14";"1,969"
"Andrea-Regini";"https://www.modelhub.com/andrea-regini";"241";"6";"1,970"
"Elsa Jean";"https://www.modelhub.com/elsa-jean";"5.6K";"1";"1,971"
"Miss Ivy Storm";"https://www.modelhub.com/miss-ivy-storm";"18.9K";"59";"1,972"
"Lexi Loveeee";"https://www.modelhub.com/lexi-loveeee";"53K";"69";"1,973"
"Meliknox";"https://www.modelhub.com/meliknox";"17.3K";"55";"1,974"
"PrettyandPerv";"https://www.modelhub.com/prettyandperv";"8.4K";"17";"1,975"
"The Reds";"https://www.modelhub.com/the-reds";"30.9K";"169";"1,976"
"Realhellaunik";"https://www.modelhub.com/realhellaunik";"3.2K";"27";"1,977"
"Kate Utopia";"https://www.modelhub.com/kate-utopia";"40.5K";"135";"1,978"
"Hollyteen69";"https://www.modelhub.com/hollyteen69";"2.4K";"22";"1,980"
"Sophie Dee";"https://www.modelhub.com/sophie-dee";"16.2K";"48";"1,981"
"WildLotus";"https://www.modelhub.com/wildlotus";"5.6K";"20";"1,982"
"PeachMaso";"https://www.modelhub.com/peachmaso";"4.4K";"11";"1,983"
"Ryan Keely";"https://www.modelhub.com/ryankeelytm";"16.5K";"78";"1,984"
"Chastity_fantasy";"https://www.modelhub.com/chastity_fantasy";"3.7K";"7";"1,986"
"Stacey Quinn";"https://www.modelhub.com/stacey-quinn";"9.3K";"86";"1,987"
"Erin Electra";"https://www.modelhub.com/erin+electra";"104K";"215";"notPage"
"Mary Wet";"https://www.modelhub.com/mary-wet";"25.8K";"21";"1,991"
"Happily_Sweet";"https://www.modelhub.com/happily_sweet";"363";"20";"1,992"
"SuNaomi";"https://www.modelhub.com/sunaomi";"3.2K";"21";"1,993"
"PityKitty_PK";"https://www.modelhub.com/pitykitty_pk";"19.6K";"68";"1,995"
"Angy Hotwifeteen";"https://www.modelhub.com/angy-hotwifeteen";"65.3K";"750";"1,996"
"GenieHathor";"https://www.modelhub.com/geniehathor";"12K";"29";"1,998"
"Rahyndee James";"https://www.modelhub.com/rahyndee-james";"6.3K";"15";"2,000"
"Coco Vandi";"https://www.modelhub.com/cocovandi";"7.8K";"11";"2,001"
"Rainy_storm";"https://www.modelhub.com/rainy_storm";"9.6K";"60";"2,003"
"Desire5000";"https://www.modelhub.com/desire5000";"94.3K";"115";"2,004"
"Penny Arcade";"https://www.modelhub.com/penny-arcade";"8K";"43";"2,005"
"Sonia Eyes";"https://www.modelhub.com/sonia-eyes";"6.7K";"7";"2,006"
"VeronikaJade";"https://www.modelhub.com/veronikajade";"56.9K";"68";"2,007"
"Rainbowcouple726";"https://www.modelhub.com/rainbowcouple726";"46K";"113";"2,008"
"Anna Bali";"https://www.modelhub.com/anna-bali";"772";"17";"2,009"
"ParrotGirl";"https://www.modelhub.com/parrotgirl";"2.4K";"10";"2,010"
"Riley Nixon";"https://www.modelhub.com/riley-nixon";"7.8K";"13";"2,011"
"SxyGamingCouple";"https://www.modelhub.com/sxygamingcouple";"39.3K";"47";"2,013"
"Bigtastymenu";"https://www.modelhub.com/bigtastymenu";"11.1K";"37";"2,015"
"NaughtyWetPinay";"https://www.modelhub.com/naughtywetpinay";"37.7K";"146";"2,016"
"Creamy Bree";"https://www.modelhub.com/creamy-bree";"13.3K";"14";"2,017"
"Karen Fisher";"https://www.modelhub.com/karen-fisher";"17K";"104";"2,018"
"Homemade Handjob";"https://www.modelhub.com/homemade-handjob";"3.6K";"51";"2,020"
"Brynn Oshea";"https://www.modelhub.com/brynn-oshea";"762";"41";"2,021"
"Yukki Amey";"https://www.modelhub.com/yukki-amey";"2.7K";"24";"2,023"
"IslaCox";"https://www.modelhub.com/islacox";"2.7K";"37";"2,024"
"Madison Marz";"https://www.modelhub.com/madison-marz";"4.7K";"109";"2,025"
"NUCLEAR FUCKING BITCH";"https://www.modelhub.com/nuclear-fucking-bitch";"53.6K";"93";"2,026"
"MissHornyG";"https://www.modelhub.com/misshornyg";"9.8K";"97";"2,027"
"Strawberryshortcak3";"https://www.modelhub.com/strawberryshortcak3";"9.1K";"129";"2,028"
"Lovingrosiex";"https://www.modelhub.com/lovingrosiex";"37.9K";"22";"2,029"
"Becky Bandini";"https://www.modelhub.com/becky-bandini";"35.6K";"10";"2,030"
"Veronica Cheshire";"https://www.modelhub.com/veronica-cheshire";"1.8K";"12";"2,032"
"Adulthub1212";"https://www.modelhub.com/adulthub1212";"6.1K";"40";"2,033"
"Dddhoney";"https://www.modelhub.com/dddhoney";"6.3K";"21";"2,034"
"Joanna Peach";"https://www.modelhub.com/joanna-peach";"5.4K";"28";"2,035"
"Mystic Monroe";"https://www.modelhub.com/mystic-monroe";"3.1K";"65";"2,036"
"Elle Voneva";"https://www.modelhub.com/elle-voneva";"8.9K";"45";"2,039"
"Lyd1a";"https://www.modelhub.com/lyd1a";"362";"8";"2,040"
"MySchoolLife";"https://www.modelhub.com/myschoollife";"5.3K";"25";"2,041"
"Christiana Cinn";"https://www.modelhub.com/christiana-cinn";"41.2K";"28";"2,045"
"Cherry Adams";"https://www.modelhub.com/cherry-adams";"16.6K";"79";"2,046"
"ChezzaLuna";"https://www.modelhub.com/chezzaluna";"13.7K";"60";"2,047"
"Dana Ruzza";"https://www.modelhub.com/dana-ruzza";"10.3K";"44";"2,049"
"Laloka4you";"https://www.modelhub.com/laloka4you";"10.9K";"191";"2,050"
"Vivian Taylor";"https://www.modelhub.com/vivian-taylor";"694";"5";"2,052"
"JadeTeen";"https://www.modelhub.com/jadeteen";"4.5K";"9";"2,051"
"Nikki Nude";"https://www.modelhub.com/nikki-nude";"19.5K";"141";"2,053"
"Babygirl Thingy";"https://www.modelhub.com/babygirl-thingy";"3.8K";"18";"2,055"
"WeFuckTheWorldx";"https://www.modelhub.com/wefucktheworldx";"3.1K";"13";"2,056"
"Lulynut";"https://www.modelhub.com/lulynut";"51.8K";"57";"2,057"
"SpankTheBrat";"https://www.modelhub.com/spankthebrat";"17.1K";"57";"2,058"
"Andy Smook";"https://www.modelhub.com/andy-smook";"33.4K";"279";"2,059"
"Tentation145";"https://www.modelhub.com/tentation145";"21.5K";"74";"2,061"
"GoddessJoules";"https://www.modelhub.com/goddessjoules";"26.3K";"165";"2,062"
"Darling Nicky";"https://www.modelhub.com/darling-nicky";"22.5K";"20";"2,063"
"KWolfT";"https://www.modelhub.com/kwolft";"8.8K";"128";"2,064"
"Darkfenix69";"https://www.modelhub.com/darkfenix69";"858";"11";"2,065"
"Blueeyeswhitepussy";"https://www.modelhub.com/blueeyeswhitepussy";"7K";"7";"2,066"
"Monica Lima";"https://www.modelhub.com/monica-lima";"18.6K";"69";"2,067"
"Kiki K";"https://www.modelhub.com/kiki-k";"874";"12";"2,068"
"Paige Turnah";"https://www.modelhub.com/paige-turnah";"27.4K";"46";"2,069"
"Phoebe Haze";"https://www.modelhub.com/phoebe-haze";"8.7K";"53";"2,070"
"SILVINASORIADIOSA";"https://www.modelhub.com/silvinasoriadiosa";"110K";"151";"2,073"
"Kendalkink";"https://www.modelhub.com/kendalkink";"30K";"318";"2,074"
"SluttySlut1";"https://www.modelhub.com/sluttyslut1";"8K";"58";"2,075"
"Lolyamateur";"https://www.modelhub.com/lolyamateur";"66K";"143";"2,076"
"Erin Mae";"https://www.modelhub.com/erin-mae";"1.3K";"35";"2,077"
"JENNI_KNIGHT_24";"https://www.modelhub.com/jenni_knight_24";"22.9K";"79";"2,079"
"Kortney Ryder";"https://www.modelhub.com/kortney-ryder";"10.2K";"39";"2,080"
"Kady Kumz";"https://www.modelhub.com/kady-kumz";"10.1K";"109";"2,081"
"Vanessa Blue";"https://www.modelhub.com/vanessa-blue";"27.6K";"14";"2,083"
"Alicia A";"https://www.modelhub.com/alicia-a";"17.2K";"57";"2,084"
"LonelyDay1";"https://www.modelhub.com/lonelyday1";"7.2K";"200";"2,085"
"Maiarem";"https://www.modelhub.com/maiarem";"32.8K";"197";"2,086"
"Angieholics";"https://www.modelhub.com/angieholics";"81.5K";"247";"2,087"
"Grand Jo";"https://www.modelhub.com/grand-jo";"15.6K";"86";"2,088"
"Fierce_Minj";"https://www.modelhub.com/fierce_minj";"6.4K";"53";"2,089"
"LeeandAnn";"https://www.modelhub.com/leeandann";"1.7K";"21";"2,091"
"AshleyVe";"https://www.modelhub.com/ashleyve";"10.5K";"230";"2,093"
"SalliEnjoy";"https://www.modelhub.com/sallienjoy";"27.9K";"147";"2,094"
"Jamie Foster";"https://www.modelhub.com/jamie-foster";"17.5K";"27";"2,096"
"Shelby Paris";"https://www.modelhub.com/shelby-paris";"28.1K";"39";"2,097"
"Milfymilker";"https://www.modelhub.com/milfymilker";"27.5K";"35";"2,098"
"Iris Keenkade";"https://www.modelhub.com/iris-keenkade";"50.3K";"113";"2,099"
"KassMonday";"https://www.modelhub.com/kassmonday";"13.4K";"39";"2,100"
"Avery Black";"https://www.modelhub.com/avery-black";"65.1K";"104";"2,101"
"PlaysKitty";"https://www.modelhub.com/playskitty";"3.3K";"49";"2,102"
"Fiery Force";"https://www.modelhub.com/fiery-force";"4K";"49";"2,103"
"Arielle Wine";"https://www.modelhub.com/arielle-wine";"2.7K";"18";"2,105"
"Kinky-Needs";"https://www.modelhub.com/kinky-needs";"20.6K";"93";"2,107"
"ShyGothExhib";"https://www.modelhub.com/shygothexhib";"14.9K";"11";"2,109"
"Camilataylor";"https://www.modelhub.com/camilataylor";"21K";"9";"2,111"
"Cakes And Foxy";"https://www.modelhub.com/cakes-and-foxy";"12.2K";"57";"2,112"
"Danilisboa";"https://www.modelhub.com/danilisboa";"3.3K";"28";"2,113"
"Salixxx Katz";"https://www.modelhub.com/salixxx-katz";"24.5K";"34";"2,114"
"Contraband Crystine";"https://www.modelhub.com/contraband-crystine";"12.9K";"57";"2,115"
"MaxiLovers";"https://www.modelhub.com/maxilovers";"8.6K";"51";"2,116"
"Carmita Bonita";"https://www.modelhub.com/carmita-bonita";"40.5K";"76";"2,117"
"SlavicFun";"https://www.modelhub.com/slavicfun";"27.5K";"65";"2,119"
"CandyXS";"https://www.modelhub.com/candyxs";"13.6K";"46";"2,120"
"Trinity Panther";"https://www.modelhub.com/trinity-panther";"8.6K";"36";"2,121"
"ViolettaCH";"https://www.modelhub.com/violettach";"1.5K";"7";"2,122"
"Montseswinger";"https://www.modelhub.com/montseswinger";"4.9K";"57";"2,123"
"Amia Miley";"https://www.modelhub.com/amia-miley";"11.6K";"4";"2,124"
"Melissza Fagylaltgomboc";"https://www.modelhub.com/melissza-fagylaltgomboc";"1.8K";"8";"2,125"
"69win69";"https://www.modelhub.com/69win69";"16.3K";"105";"2,126"
"RomanticTingles";"https://www.modelhub.com/romantictingles";"8.9K";"76";"2,127"
"MinaDemonic";"https://www.modelhub.com/minademonic";"18.9K";"57";"2,129"
"Brooke And Vikki";"https://www.modelhub.com/brooke-and-vikki";"74.3K";"87";"2,131"
"AliceMoon69";"https://www.modelhub.com/alicemoon69";"28.5K";"43";"2,133"
"MissKaysie";"https://www.modelhub.com/misskaysie";"47.5K";"140";"2,134"
"KiKi Kreamm";"https://www.modelhub.com/kiki-kreamm";"17.1K";"28";"2,135"
"Brayanarod";"https://www.modelhub.com/brayanarod";"2K";"9";"2,136"
"Sexy Lexy";"https://www.modelhub.com/sexy-lexy";"15.9K";"60";"2,138"
"Lima Charlie";"https://www.modelhub.com/lima-charlie";"20.1K";"65";"2,140"
"CassiesCat";"https://www.modelhub.com/cassiescat";"49K";"78";"2,141"
"SophieEllie";"https://www.modelhub.com/sophieellie";"1.3K";"49";"2,142"
"Vegas420grl";"https://www.modelhub.com/vegas420grl";"37.4K";"32";"2,143"
"Amputee Brittney";"https://www.modelhub.com/amputee-brittney";"9K";"7";"2,144"
"NorthernCrown";"https://www.modelhub.com/northerncrown";"24.5K";"52";"2,145"
"Strapon Therapy";"https://www.modelhub.com/strapon-therapy";"2.1K";"20";"2,146"
"WillowDaneSteele";"https://www.modelhub.com/willowdanesteele";"1.5K";"14";"2,149"
"Emma Lovett";"https://www.modelhub.com/emma-lovett";"54.6K";"25";"2,150"
"EmiliaBunny";"https://www.modelhub.com/emiliabunny";"1.6K";"21";"2,151"
"Kimberly Kane";"https://www.modelhub.com/kimberly-kane";"94.6K";"93";"2,152"
"Furiyssh Xxx";"https://www.modelhub.com/furiyssh-xxx";"185";"11";"2,154"
"KaterinaAmateur";"https://www.modelhub.com/katerinaamateur";"10.7K";"45";"2,155"
"Jude Ryan";"https://www.modelhub.com/jude-ryan";"17K";"111";"2,156"
"Lexi Lore";"https://www.modelhub.com/lexi-lore";"95.5K";"23";"2,157"
"Maryjane Moore";"https://www.modelhub.com/maryjane-moore";"6.8K";"69";"2,160"
"Julie Skyhigh";"https://www.modelhub.com/julieskyhigh";"6.3K";"6";"2,161"
"Christina Sapphire";"https://www.modelhub.com/christina-sapphire";"17.6K";"33";"2,164"
"Little Pink";"https://www.modelhub.com/little-pink";"10.5K";"56";"2,165"
"Ashaichious";"https://www.modelhub.com/ashaichious";"1.5K";"25";"2,166"
"Asunae";"https://www.modelhub.com/asunae";"11.7K";"21";"2,167"
"Roseloli-Xo";"https://www.modelhub.com/roseloli-xo";"15.8K";"32";"2,171"
"PovBossBabe";"https://www.modelhub.com/povbossbabe";"27.1K";"42";"2,172"
"Valkyriawild";"https://www.modelhub.com/valkyriawild";"5.3K";"21";"2,174"
"Abbie Cat";"https://www.modelhub.com/abbie-cat";"19.1K";"32";"2,175"
"Fantasymilf67";"https://www.modelhub.com/fantasymilf67";"3.4K";"73";"2,176"
"Catherinecan";"https://www.modelhub.com/catherinecan";"8K";"185";"2,179"
"Yanny Yummy";"https://www.modelhub.com/yanny-yummy";"20.2K";"21";"2,183"
"Luvat1stFuk";"https://www.modelhub.com/luvat1stfuk";"14.5K";"37";"2,184"
"Bailey Brooke";"https://www.modelhub.com/bailey-brooke";"28K";"14";"2,185"
"TaniaTiny";"https://www.modelhub.com/taniatiny";"13.2K";"114";"2,186"
"Kate Model";"https://www.modelhub.com/kate-model";"2.9K";"38";"2,187"
"ClarabelleWoods";"https://www.modelhub.com/clarabellewoods";"21.6K";"212";"2,188"
"Fitalexis";"https://www.modelhub.com/fitalexis";"18.9K";"166";"2,189"
"LissaYoung";"https://www.modelhub.com/lissayoung";"219";"5";"2,191"
"Mylifexxx";"https://www.modelhub.com/mylifexxx";"33.6K";"60";"2,192"
"Lexxxi London";"https://www.modelhub.com/lexxxi-london";"6.6K";"7";"2,193"
"Smoking Jewels";"https://www.modelhub.com/smoking-jewels";"13.7K";"61";"2,194"
"KellyShamrock";"https://www.modelhub.com/kellyshamrock";"11.9K";"88";"2,195"
"Magretta Dering";"https://www.modelhub.com/magretta-dering";"137K";"181";"2,196"
"Lush Botanist";"https://www.modelhub.com/lush-botanist";"24.9K";"120";"2,197"
"Dear Osca";"https://www.modelhub.com/dear-osca";"32.4K";"59";"2,198"
"Younglola";"https://www.modelhub.com/younglola";"15K";"69";"2,199"
"Daddyscowgirlvideo";"https://www.modelhub.com/daddyscowgirlvideo";"5.5K";"18";"2,203"
"Candylaneddlg";"https://www.modelhub.com/candylaneddlg";"1.9K";"12";"2,204"
"Becca Barnes";"https://www.modelhub.com/becca-barnes";"1K";"4";"2,205"
"Sexybigclito";"https://www.modelhub.com/sexybigclito";"58.3K";"189";"2,206"
"HoodDolly";"https://www.modelhub.com/hooddolly";"17K";"45";"2,207"
"Chokobanana";"https://www.modelhub.com/chokobanana";"28.3K";"119";"2,208"
"Ratherbenaughty";"https://www.modelhub.com/ratherbenaughty";"53.6K";"205";"2,209"
"Alice Roses";"https://www.modelhub.com/alice-roses";"2.1K";"45";"2,210"
"Ivyminxxx";"https://www.modelhub.com/ivyminxxx";"7.5K";"53";"2,212"
"Fabiana Fox";"https://www.modelhub.com/fabianafox";"15.4K";"27";"2,214"
"Sovereign Syre";"https://www.modelhub.com/sovereign-syre";"29.7K";"66";"2,215"
"Fire_and_Water";"https://www.modelhub.com/fire_and_water";"995";"59";"2,216"
"Carly Queen";"https://www.modelhub.com/carly-queen";"18.5K";"168";"2,217"
"Mistress Harley";"https://www.modelhub.com/mistress-harley";"41.8K";"299";"2,218"
"AllyTheCat";"https://www.modelhub.com/allythecat";"34.6K";"31";"2,219"
"JasamineBanks";"https://www.modelhub.com/jasaminebanks";"110";"2";"2,220"
"TheDocJohnson111";"https://www.modelhub.com/thedocjohnson111";"37.3K";"135";"2,221"
"LDCCLG";"https://www.modelhub.com/ldcclg";"22.4K";"175";"2,222"
"MeganBrooks_";"https://www.modelhub.com/meganbrooks_";"5.9K";"28";"2,223"
"OliviaJaide";"https://www.modelhub.com/oliviajaide";"11.9K";"21";"2,224"
"Nikkipresents";"https://www.modelhub.com/nikkipresents";"34.3K";"154";"2,225"
"Febby Twigs";"https://www.modelhub.com/febby-twigs";"14.8K";"15";"2,226"
"Jill Kassidy";"https://www.modelhub.com/thejillkassidy";"3.5K";"30";"2,227"
"Naughty Mommy";"https://www.modelhub.com/naughty-mommy";"38.3K";"97";"2,228"
"HotWife4OlderMen";"https://www.modelhub.com/hotwife4oldermen";"623";"17";"2,230"
"Meri-Mouse";"https://www.modelhub.com/meri-mouse";"4.2K";"46";"2,231"
"Thelittlepussy18";"https://www.modelhub.com/thelittlepussy18";"919";"31";"2,232"
"Carol Cox";"https://www.modelhub.com/carol-cox";"15.7K";"13";"2,233"
"Polysweet";"https://www.modelhub.com/polysweet";"8.1K";"78";"2,235"
"Ani Erotika";"https://www.modelhub.com/ani-erotika";"35.9K";"100";"2,236"
"Kinsley Karter";"https://www.modelhub.com/kinsley-karter";"7.2K";"16";"2,237"
"Mastermeat1";"https://www.modelhub.com/mastermeat1";"20.5K";"144";"2,238"
"Fluffy Bunny";"https://www.modelhub.com/fluffy-bunny";"51.6K";"160";"2,239"
"SoftInsides";"https://www.modelhub.com/softinsides";"1.2K";"19";"2,240"
"Lexi Wilde";"https://www.modelhub.com/lexi-wilde";"8.5K";"18";"2,241"
"AlphaCutie";"https://www.modelhub.com/alphacutie";"2.7K";"46";"2,244"
"Jenny Young";"https://www.modelhub.com/jenny-young";"26.2K";"42";"2,245"
"Nicolle Blackheart";"https://www.modelhub.com/nicolle-blackheart";"1.7K";"15";"2,246"
"Miss Honey Bunny";"https://www.modelhub.com/miss-honey-bunny";"3.3K";"64";"2,247"
"RubiRay";"https://www.modelhub.com/rubiray";"13.6K";"13";"2,248"
"MistressAnette";"https://www.modelhub.com/mistressanette";"30.8K";"299";"2,249"
"KoskaetLeska";"https://www.modelhub.com/koskaetleska";"24.8K";"46";"2,250"
"Theparentsnextdoor";"https://www.modelhub.com/theparentsnextdoor";"8.2K";"99";"2,251"
"Ummmbrella";"https://www.modelhub.com/ummmbrella";"4.4K";"9";"2,252"
"KaraTart";"https://www.modelhub.com/karatart";"3.2K";"12";"2,253"
"AliceWetting";"https://www.modelhub.com/alicewetting";"3K";"80";"2,254"
"TTTetra69";"https://www.modelhub.com/tttetra69";"22.4K";"240";"2,255"
"Deja Doll";"https://www.modelhub.com/deja-doll";"11.5K";"5";"2,256"
"SoCutieGirl";"https://www.modelhub.com/socutiegirl";"27.4K";"57";"2,258"
"Filessa";"https://www.modelhub.com/filessa";"8.5K";"116";"2,259"
"Lacy Banks";"https://www.modelhub.com/lacy-banks";"3.3K";"19";"2,262"
"Miss Pasion";"https://www.modelhub.com/miss-pasion";"34K";"18";"2,263"
"ROXY REYNOLDS";"https://www.modelhub.com/roxy-reynolds";"8.2K";"113";"2,264"
"Candy Milady";"https://www.modelhub.com/candy-milady";"2.7K";"27";"2,265"
"Venus Afrodita";"https://www.modelhub.com/venus-afrodita";"45.1K";"29";"2,266"
"Kira Noir";"https://www.modelhub.com/kira-noir";"13K";"5";"2,268"
"ThePrettiestKitty";"https://www.modelhub.com/theprettiestkitty";"43K";"44";"2,269"
"Kitty Queen";"https://www.modelhub.com/kitty-queen";"5.5K";"28";"2,270"
"NaughtyCeleste";"https://www.modelhub.com/naughtyceleste";"85.3K";"163";"2,273"
"Shawna Lenee";"https://www.modelhub.com/shawna-lenee";"19.3K";"34";"2,277"
"Aesthetics30";"https://www.modelhub.com/aesthetics30";"6.9K";"134";"2,278"
"Bruninha Fitness";"https://www.modelhub.com/bruninhafitness";"14.6K";"57";"2,280"
"Triss Witch";"https://www.modelhub.com/triss-witch";"13.6K";"49";"2,281"
"ThePerfectCpl";"https://www.modelhub.com/theperfectcpl";"66.2K";"15";"2,282"
"Dddldodldldld";"https://www.modelhub.com/dddldodldldld";"175";"3";"2,283"
"LuvGaru";"https://www.modelhub.com/luvgaru";"2.3K";"12";"2,284"
"MeliDeluxe";"https://www.modelhub.com/melideluxe";"2.2K";"152";"2,286"
"Octokuro Model";"https://www.modelhub.com/octokuro-model";"2.3K";"26";"2,287"
"MikimakeyMary";"https://www.modelhub.com/mikimakeymary";"1K";"19";"2,288"
"Lexxxy Sexxxy";"https://www.modelhub.com/lexxxy-sexxxy";"1.1K";"11";"2,290"
"Min Moo";"https://www.modelhub.com/min-moo";"13.3K";"231";"2,291"
"NataSweet";"https://www.modelhub.com/natasweet";"19.2K";"76";"2,292"
"Little Piss Princess";"https://www.modelhub.com/little-piss-princess";"878";"23";"2,293"
"MsShynie";"https://www.modelhub.com/msshynie";"28.6K";"63";"2,294"
"Misha Mayfair";"https://www.modelhub.com/misha-mayfair";"26.1K";"73";"2,295"
"Victoria Hot Teen";"https://www.modelhub.com/victoria-hot-teen";"5.4K";"52";"2,296"
"Evie Davis";"https://www.modelhub.com/evie-davis";"16K";"27";"2,297"
"Secretivefox";"https://www.modelhub.com/secretivefox";"16K";"99";"2,298"
"Eva Myst";"https://www.modelhub.com/eva-myst";"9.8K";"58";"2,301"
"Unicorninhoody";"https://www.modelhub.com/unicorninhoody";"16K";"182";"2,303"
"Demianandmary";"https://www.modelhub.com/demianandmary";"2.4K";"10";"2,304"
"Teal Dottie";"https://www.modelhub.com/teal-dottie";"915";"8";"2,305"
"Ahsoka Tano";"https://www.modelhub.com/ahsoka-tano";"14.2K";"61";"2,306"
"Fucktotum-Couple";"https://www.modelhub.com/fucktotum-couple";"9.8K";"42";"2,307"
"Jadamolly";"https://www.modelhub.com/jadamolly";"2.1K";"11";"2,309"
"Veronica Chaos";"https://www.modelhub.com/veronica-chaos";"22.1K";"40";"2,310"
"NikkiWolfe";"https://www.modelhub.com/nikkiwolfe";"77.5K";"112";"2,311"
"Rocket Queen";"https://www.modelhub.com/rocket-queen";"21.2K";"42";"2,312"
"Rhiannon Ryder";"https://www.modelhub.com/rhiannonryder";"14.6K";"57";"2,313"
"Redkittycat";"https://www.modelhub.com/redkittycat";"13.1K";"22";"2,314"
"UnicPorn Couple";"https://www.modelhub.com/unicporn-couple";"7.3K";"73";"2,315"
"Polly Pons";"https://www.modelhub.com/polly-pons";"4K";"8";"2,317"
"MiaAmahl";"https://www.modelhub.com/miaamahl";"6.3K";"42";"2,319"
"Nori Cat";"https://www.modelhub.com/nori-cat";"1.3K";"19";"2,320"
"SweetFantasies";"https://www.modelhub.com/sweetfantasies";"3.6K";"65";"2,321"
"Mollymolly18";"https://www.modelhub.com/mollymolly18";"4.9K";"8";"2,323"
"Sofia Star";"https://www.modelhub.com/sofia-star";"35.2K";"60";"2,324"
"Pinuppawg";"https://www.modelhub.com/pinuppawg";"9.2K";"48";"2,325"
"Little Ginger Lana";"https://www.modelhub.com/little-ginger-lana";"249";"11";"2,326"
"WetInkSlut";"https://www.modelhub.com/wetinkslut";"7.1K";"54";"2,327"
"Ahasvindi";"https://www.modelhub.com/ahasvindi";"145K";"177";"2,328"
"Sluttymilfcouple";"https://www.modelhub.com/sluttymilfcouple";"3.2K";"43";"2,333"
"AmiMercury";"https://www.modelhub.com/amimercury";"18.3K";"54";"2,336"
"Missdaisyp";"https://www.modelhub.com/missdaisyp";"1.2K";"17";"2,339"
"LesPhiLou";"https://www.modelhub.com/lesphilou";"1.3K";"23";"2,341"
"Heather C Payne";"https://www.modelhub.com/heather-c-payne";"35.1K";"46";"2,342"
"Loster Story";"https://www.modelhub.com/loster-story";"427";"18";"2,343"
"Veronica Weston";"https://www.modelhub.com/veronica-weston";"9.5K";"36";"2,344"
"LindseyLux";"https://www.modelhub.com/lindseylux";"9.9K";"14";"2,345"
"BetzyBlack";"https://www.modelhub.com/betzyblack";"44.6K";"43";"2,346"
"MrandMrsRaw";"https://www.modelhub.com/mrandmrsraw";"17.2K";"50";"2,347"
"Fernandinha Fernandez";"https://www.modelhub.com/fernandafernandez";"5.8K";"25";"2,350"
"Serene Siren";"https://www.modelhub.com/serene-siren";"29.7K";"33";"2,351"
"MiDju_Show";"https://www.modelhub.com/midju_show";"30.2K";"89";"2,352"
"Kesha Guzman";"https://www.modelhub.com/kesha-guzman";"2.2K";"33";"2,354"
"Lyndsweets";"https://www.modelhub.com/lyndsweets";"6.3K";"6";"2,356"
"Latin Rain";"https://www.modelhub.com/latin-rain";"28.2K";"156";"2,357"
"Tnjsexroom";"https://www.modelhub.com/tnjsexroom";"1.7K";"9";"2,360"
"Amara Waters";"https://www.modelhub.com/amara-waters";"24.3K";"168";"2,363"
"CUEROTIC";"https://www.modelhub.com/cuerotic";"139K";"206";"2,364"
"Goddess Venus";"https://www.modelhub.com/goddess-venus";"2.8K";"21";"2,365"
"Victoria Wet";"https://www.modelhub.com/victoria-wet";"6.8K";"61";"2,366"
"Lana Slave";"https://www.modelhub.com/lana-slave";"26.6K";"51";"2,367"
"SouzanHalabi";"https://www.modelhub.com/souzanhalabi";"192K";"510";"2,368"
"FieryDoll";"https://www.modelhub.com/fierydoll";"194";"21";"2,369"
"AXlXCLARA";"https://www.modelhub.com/axlxclara";"1.1K";"9";"2,370"
"Perfectblonde69";"https://www.modelhub.com/perfectblonde69";"2.2K";"35";"2,371"
"Amelia Vallejo";"https://www.modelhub.com/amelia-vallejo";"11.5K";"28";"2,372"
"KhloeKxxxng";"https://www.modelhub.com/khloekxxxng";"7.4K";"37";"2,373"
"Lily Lark";"https://www.modelhub.com/lily-lark";"39.7K";"58";"2,374"
"Vicky Plush";"https://www.modelhub.com/vicky-plush";"13.6K";"67";"2,375"
"Queen Eugenia";"https://www.modelhub.com/queen-eugenia";"12.7K";"57";"2,376"
"Mariska X";"https://www.modelhub.com/mariskax";"32.8K";"40";"2,377"
"Betty Bang";"https://www.modelhub.com/betty-bang";"22K";"71";"2,379"
"SerenaHotwife";"https://www.modelhub.com/serenahotwife";"26.3K";"25";"2,380"
"DreamyMeige";"https://www.modelhub.com/dreamymeige";"876";"17";"2,381"
"VeronicaRoss";"https://www.modelhub.com/veronicaross";"475";"22";"2,382"
"SwagRussianPanda";"https://www.modelhub.com/swagrussianpanda";"38.1K";"77";"2,383"
"Mindi Mink";"https://www.modelhub.com/mindi-mink";"15.5K";"73";"2,385"
"Cassie Del Isla";"https://www.modelhub.com/delisla";"1K";"19";"2,386"
"Cali Reign";"https://www.modelhub.com/cali-reign";"2.1K";"17";"2,387"
"Helena Moeller";"https://www.modelhub.com/helena-moeller";"153K";"310";"2,389"
"Lolalove6999";"https://www.modelhub.com/lolalove6999";"97.8K";"584";"2,390"
"_fuckinparadise";"https://www.modelhub.com/_fuckinparadise";"16.4K";"75";"2,391"
"Alicatty";"https://www.modelhub.com/alicatty";"22.6K";"35";"2,392"
"Malice Miya";"https://www.modelhub.com/malice-miya";"2.3K";"77";"2,393"
"Vivi Lavish";"https://www.modelhub.com/vivi-lavish";"78.9K";"74";"2,394"
"Ninfa Y Golfo";"https://www.modelhub.com/ninfa-y-golfo";"3.5K";"34";"2,395"
"Sasha Foxgirl";"https://www.modelhub.com/sasha-foxgirl";"7.8K";"45";"2,398"
"Cuckold Queen";"https://www.modelhub.com/cuckold-queen";"3.7K";"29";"2,399"
"Ohmysweetladyn";"https://www.modelhub.com/ohmysweetladyn";"11.2K";"31";"2,400"
"MistressRoxy";"https://www.modelhub.com/mistressroxy";"32.4K";"64";"2,401"
"Hello Mary";"https://www.modelhub.com/hello-mary";"20.3K";"6";"2,402"
"Jasmine Rouge";"https://www.modelhub.com/jasmine-rouge";"14K";"62";"2,403"
"Helena Creek";"https://www.modelhub.com/helena-creek";"32K";"56";"2,404"
"K8ORLY";"https://www.modelhub.com/k8orly";"1.9K";"15";"2,405"
"Sweetmillenialbaby";"https://www.modelhub.com/sweetmillenialbaby";"173";"9";"2,406"
"Silvia Saige";"https://www.modelhub.com/silvia-saige";"7.4K";"11";"2,409"
"Legitpinay10";"https://www.modelhub.com/legitpinay10";"2.3K";"13";"2,410"
"Doris Dawn";"https://www.modelhub.com/doris-dawn";"45.9K";"193";"2,412"
"Lexi Luv";"https://www.modelhub.com/lexi-luv";"17.9K";"54";"2,413"
"HollyDJesus";"https://www.modelhub.com/hollydjesus";"1.7K";"51";"2,414"
"Euphie Sol";"https://www.modelhub.com/euphie-sol";"5.7K";"88";"2,416"
"Injoybacon";"https://www.modelhub.com/injoybacon";"3.2K";"95";"2,417"
"TracyNaghavi";"https://www.modelhub.com/tracynaghavi";"15.8K";"148";"2,419"
"Bestminaj";"https://www.modelhub.com/bestminaj";"5.5K";"22";"2,420"
"GoodLittleWhores";"https://www.modelhub.com/goodlittlewhores";"2.7K";"15";"2,421"
"Punishyourprincess";"https://www.modelhub.com/punishyourprincess";"890";"33";"2,422"
"Frankie_rivers";"https://www.modelhub.com/frankie_rivers";"4.1K";"14";"2,424"
"Shortandsweetbaby";"https://www.modelhub.com/shortandsweetbaby";"1.6K";"52";"2,426"
"LenaLouix";"https://www.modelhub.com/lenalouix";"61.6K";"77";"2,427"
"Scarlett J";"https://www.modelhub.com/scarlett-j";"3.5K";"43";"2,429"
"Softest Girl";"https://www.modelhub.com/softest-girl";"39.6K";"101";"2,431"
"Fertile_Myrtle";"https://www.modelhub.com/fertile_myrtle";"1.7K";"20";"2,432"
"Abby Adams";"https://www.modelhub.com/abby-adams";"13.5K";"89";"2,433"
"Layla Red Cakes";"https://www.modelhub.com/layla-red-cakes";"42.4K";"46";"2,434"
"Miss_sub1197";"https://www.modelhub.com/miss_sub1197";"17.3K";"52";"2,435"
"MayaBum";"https://www.modelhub.com/mayabum";"6.4K";"9";"2,437"
"Caramel Fruit";"https://www.modelhub.com/caramel-fruit";"12.4K";"80";"2,438"
"Blurayxx";"https://www.modelhub.com/blurayxx";"9.8K";"45";"2,442"
"Leah Marsh";"https://www.modelhub.com/leah-marsh";"213";"4";"2,443"
"Galoyesme";"https://www.modelhub.com/galoyesme";"8.8K";"11";"2,444"
"Jordyn Khaled";"https://www.modelhub.com/jordyn-khaled";"75.8K";"123";"2,445"
"IamJenicca";"https://www.modelhub.com/iamjenicca";"5.4K";"16";"2,446"
"Femalefeederheaven";"https://www.modelhub.com/femalefeederheaven";"487";"44";"2,448"
"Happy_Yulia";"https://www.modelhub.com/happy_yulia";"3.1K";"10";"2,449"
"Owie Gold";"https://www.modelhub.com/owie-gold";"73.4K";"434";"2,451"
"Angel XXX Diabla";"https://www.modelhub.com/angel-xxx-diabla";"476";"22";"2,452"
"SexFitBody";"https://www.modelhub.com/sexfitbody";"35K";"67";"2,453"
"Luckyxruby";"https://www.modelhub.com/luckyxruby";"30.7K";"54";"2,454"
"Sexy Spunky Girl";"https://www.modelhub.com/sexy-spunky-girl";"82.5K";"101";"2,455"
"Julicecam";"https://www.modelhub.com/julicecam";"5.2K";"18";"2,456"
"Bonnibgood";"https://www.modelhub.com/bonnibgood";"8.2K";"71";"2,457"
"NICOLExBRUCE";"https://www.modelhub.com/nicolexbruce";"1.8K";"43";"2,459"
"Love_N_Production";"https://www.modelhub.com/love_n_production";"6.2K";"36";"2,460"
"TheThelemiteVegas";"https://www.modelhub.com/thethelemitevegas";"14.3K";"40";"2,461"
"Anacondaandeva";"https://www.modelhub.com/anacondaandeva";"21.3K";"33";"2,464"
"Selah Rain";"https://www.modelhub.com/selah-rain";"18.7K";"64";"2,465"
"Curvyelvishgirl";"https://www.modelhub.com/curvyelvishgirl";"69.1K";"268";"2,467"
"MiraDavid";"https://www.modelhub.com/miradavid";"2.6K";"27";"2,469"
"His Queen Suga";"https://www.modelhub.com/his-queen-suga";"7.6K";"52";"2,470"
"Miss Faith Rae";"https://www.modelhub.com/miss-faith-rae";"19.2K";"110";"2,471"
"LilMissSarah";"https://www.modelhub.com/lilmisssarah";"5.2K";"56";"2,472"
"Alena LamLam";"https://www.modelhub.com/alena-lamlam";"72.7K";"71";"2,476"
"Innocent Emmy";"https://www.modelhub.com/innocent-emmy";"13.8K";"19";"2,479"
"Sinfulsnowbunny";"https://www.modelhub.com/sinfulsnowbunny";"10.3K";"12";"2,480"
"Mercedes Dawn";"https://www.modelhub.com/mercedes-dawn";"7.2K";"39";"2,481"
"KissieB";"https://www.modelhub.com/kissieb";"2K";"21";"2,482"
"Minty Knox";"https://www.modelhub.com/minty-knox";"7.3K";"27";"2,483"
"Christy Mack";"https://www.modelhub.com/officialcmack";"3.8K";"8";"2,484"
"Blondie Fesser";"https://www.modelhub.com/blondie-fesser";"9.3K";"17";"2,485"
"SweetAnnaBella";"https://www.modelhub.com/sweetannabella";"11.6K";"116";"2,486"
"Lillith915";"https://www.modelhub.com/lillith915";"9.6K";"78";"2,489"
"VeeSnow";"https://www.modelhub.com/veesnow";"30.4K";"133";"2,490"
"Lexus Lynn Summers";"https://www.modelhub.com/lexus-lynn-summers";"28.1K";"150";"2,491"
"LittleBlackBird";"https://www.modelhub.com/littleblackbird";"3.5K";"22";"2,492"
"Stella Liberty";"https://www.modelhub.com/stellaliberty";"24.6K";"104";"2,493"
"SEXHIBITIONERS";"https://www.modelhub.com/sexhibitioners";"2.3K";"36";"2,494"
"Rachel Rivers";"https://www.modelhub.com/rachel-rivers";"9.7K";"25";"2,495"
"Analeasex";"https://www.modelhub.com/analeasex";"11.9K";"75";"2,496"
"HottElla";"https://www.modelhub.com/hottella";"7.9K";"35";"2,497"
"Destiny Diaz";"https://www.modelhub.com/destiny-diaz";"54.7K";"179";"2,498"
"Likehuge";"https://www.modelhub.com/likehuge";"51.9K";"196";"2,499"
"KrystalKay";"https://www.modelhub.com/krystalkay";"43.3K";"401";"2,500"
"Riley Jacobs";"https://www.modelhub.com/riley-jacobs";"5.4K";"54";"2,501"
"Mone Divine";"https://www.modelhub.com/mone-divine";"55.8K";"11";"2,502"
"SilverFox59";"https://www.modelhub.com/silverfox59";"105K";"216";"2,503"
"AemkeMagnus";"https://www.modelhub.com/aemkemagnus";"7.7K";"28";"2,505"
"Dash McKinzie";"https://www.modelhub.com/dash-mckinzie";"74.7K";"289";"2,506"
"KatherineRuth";"https://www.modelhub.com/katherineruth";"4.8K";"40";"2,507"
"Roxxi Diamond";"https://www.modelhub.com/roxxi-diamond";"33.7K";"69";"2,508"
"NinaNightbloom";"https://www.modelhub.com/ninanightbloom";"10.8K";"109";"2,509"
"Kathia Nobili";"https://www.modelhub.com/kathia-nobili";"15.9K";"8";"2,513"
"Dirtysnowqueen";"https://www.modelhub.com/dirtysnowqueen";"4.1K";"23";"2,514"
"Mrs Robinson";"https://www.modelhub.com/mrs-robinson";"2.6K";"47";"2,515"
"Prettyevil666";"https://www.modelhub.com/prettyevil666";"6.3K";"20";"2,516"
"Ibicella";"https://www.modelhub.com/ibicella";"6.1K";"10";"2,517"
"PassionateLollipop";"https://www.modelhub.com/passionatelollipop";"15.4K";"118";"2,518"
"Lily Madison";"https://www.modelhub.com/lily-madison";"52.3K";"102";"2,519"
"Queenmilf";"https://www.modelhub.com/queenmilf";"39.6K";"121";"2,520"
"Seattle Ganja Goddess";"https://www.modelhub.com/seattle-ganja-goddess";"22.1K";"95";"2,521"
"Chylatteph";"https://www.modelhub.com/chylatteph";"23.1K";"51";"2,522"
"Nina North";"https://www.modelhub.com/nina-north";"64.7K";"23";"2,523"
"Afuckingfettish";"https://www.modelhub.com/afuckingfettish";"2.8K";"18";"2,524"
"Joe & Gina";"https://www.modelhub.com/joe-%26-gina";"6.1K";"11";"2,525"
"Amputee Sara";"https://www.modelhub.com/amputee-sara";"5.5K";"13";"2,529"
"Lil Liza";"https://www.modelhub.com/lil-liza";"4.5K";"23";"2,531"
"Heather Vahn";"https://www.modelhub.com/heather-vahn";"14.3K";"14";"2,533"
"MaXXXMichelle";"https://www.modelhub.com/maxxxmichelle";"4.9K";"29";"2,534"
"CandyMay";"https://www.modelhub.com/candymay";"44.4K";"132";"2,535"
"Hotwifekk";"https://www.modelhub.com/hotwifekk";"338";"4";"2,537"
"Les_gourmands";"https://www.modelhub.com/les_gourmands";"95K";"152";"2,538"
"Mz Ssbbw";"https://www.modelhub.com/mz-ssbbw";"6.2K";"50";"2,539"
"Discrete Aliyah";"https://www.modelhub.com/discrete-aliyah";"28.6K";"69";"2,541"
"Lanna Amidala";"https://www.modelhub.com/lanna-amidala";"45.4K";"57";"2,542"
"SCheeks2016";"https://www.modelhub.com/scheeks2016";"39.6K";"91";"2,543"
"Para_Razvrata";"https://www.modelhub.com/para_razvrata";"3.5K";"81";"2,544"
"Se Viletta";"https://www.modelhub.com/se-viletta";"2.2K";"53";"2,545"
"MyKinkyDopeRAW";"https://www.modelhub.com/mykinkydoperaw";"8.9K";"39";"2,546"
"Anna Mole";"https://www.modelhub.com/anna-mole";"3K";"67";"2,548"
"Lovely-Fetish";"https://www.modelhub.com/lovely-fetish";"68.3K";"172";"2,549"
"Smang80";"https://www.modelhub.com/smang80";"1K";"10";"2,550"
"Misty-Sixx";"https://www.modelhub.com/misty-sixx";"603";"6";"2,551"
"AnnieSux";"https://www.modelhub.com/anniesux";"46.1K";"95";"2,553"
"Sassymehh";"https://www.modelhub.com/sassymehh";"20K";"42";"2,554"
"D4ddiesFav";"https://www.modelhub.com/d4ddiesfav";"258";"25";"2,555"
"Natalia Aleksei";"https://www.modelhub.com/natalia-aleksei";"130K";"135";"2,558"
"Pastel Rosie";"https://www.modelhub.com/pastelrosie";"12K";"30";"2,559"
"CuteGirlfriend";"https://www.modelhub.com/cutegirlfriend";"11.9K";"68";"2,560"
"Horny Hiking";"https://www.modelhub.com/horny-hiking";"13.1K";"15";"2,561"
"XDayaannaX";"https://www.modelhub.com/xdayaannax";"100K";"22";"2,562"
"PiperChai";"https://www.modelhub.com/piperchai";"12.8K";"21";"2,563"
"HotAndNastyCouple";"https://www.modelhub.com/hotandnastycouple";"590";"16";"2,564"
"Montsita";"https://www.modelhub.com/montsita";"72K";"97";"2,565"
"ATattooedSinner";"https://www.modelhub.com/atattooedsinner";"22.3K";"121";"2,566"
"Nicky-Chan";"https://www.modelhub.com/nicky-chan";"860";"19";"2,567"
"Aayda Heart";"https://www.modelhub.com/aayda-heart";"6K";"29";"2,570"
"Smuzililpussy";"https://www.modelhub.com/smuzililpussy";"795";"19";"2,571"
"OhMaria";"https://www.modelhub.com/ohmaria";"33.9K";"22";"2,572"
"Kamasoul";"https://www.modelhub.com/kamasoul";"21.8K";"27";"2,573"
"Karla Love";"https://www.modelhub.com/karla-love";"12.8K";"132";"2,574"
"Goddess Stryfe";"https://www.modelhub.com/goddess-stryfe";"18.6K";"24";"2,575"
"LustTaste";"https://www.modelhub.com/lusttaste";"55.4K";"99";"2,576"
"Giofeetsecret";"https://www.modelhub.com/giofeetsecret";"641";"23";"2,577"
"FeetbyRTR";"https://www.modelhub.com/feetbyrtr";"196";"12";"2,578"
"LadyBel";"https://www.modelhub.com/ladybel";"31.9K";"77";"2,579"
"PublicFantastic";"https://www.modelhub.com/publicfantastic";"22.6K";"383";"2,580"
"Miss Diamond";"https://www.modelhub.com/miss-diamond";"4.7K";"52";"2,581"
"Babygirlxx17";"https://www.modelhub.com/babygirlxx17";"12.5K";"64";"2,583"
"Red Bunny";"https://www.modelhub.com/red-bunny";"6.8K";"26";"2,587"
"BrookAndBen";"https://www.modelhub.com/brookandben";"15.4K";"34";"2,588"
"Victoria Valentine";"https://www.modelhub.com/victoria-valentine";"6.2K";"49";"2,589"
"Jill Honeytunnel";"https://www.modelhub.com/jill-honeytunnel";"15.5K";"90";"2,590"
"Forestnymphmfc";"https://www.modelhub.com/forestnymphmfc";"28.6K";"14";"2,592"
"Savannah Montana";"https://www.modelhub.com/savannah-montana";"14.3K";"23";"2,593"
"Kitty K";"https://www.modelhub.com/kitty-k";"19.8K";"21";"2,596"
"Ellie_Silk";"https://www.modelhub.com/ellie_silk";"30.8K";"22";"2,597"
"RumiaaankaModel";"https://www.modelhub.com/rumiaaankamodel";"77.6K";"621";"2,598"
"DominatrixVera";"https://www.modelhub.com/dominatrixvera";"6.4K";"49";"2,599"
"Queen Shortcake";"https://www.modelhub.com/queen-shortcake";"27.8K";"99";"2,600"
"Yanasincell";"https://www.modelhub.com/yanasincell";"8.8K";"44";"2,601"
"QuinnTracey";"https://www.modelhub.com/quinntracey";"67.2K";"124";"2,602"
"Jessica Stardust";"https://www.modelhub.com/jessica-stardust";"37.5K";"78";"2,603"
"Lady Anal";"https://www.modelhub.com/lady-anal";"50.4K";"126";"2,604"
"Thatkitten";"https://www.modelhub.com/thatkitten";"3.8K";"58";"2,605"
"Zola AK";"https://www.modelhub.com/zola-ak";"1.8K";"8";"2,607"
"Eva Adore";"https://www.modelhub.com/eva-adore";"17.9K";"332";"2,608"
"Eva Long";"https://www.modelhub.com/eva-long";"13.7K";"25";"2,609"
"Goddes Ishtar";"https://www.modelhub.com/goddes-ishtar";"1.8K";"14";"2,610"
"ArlieSpanked";"https://www.modelhub.com/arliespanked";"14.9K";"1";"2,612"
"Emma Rae Little";"https://www.modelhub.com/emma-rae-little";"87.5K";"103";"2,613"
"Runnerbean87";"https://www.modelhub.com/runnerbean87";"10.3K";"48";"2,614"
"Cuddle Couple";"https://www.modelhub.com/cuddle-couple";"1.7K";"28";"2,615"
"Cowgirl Bebop";"https://www.modelhub.com/cowgirl-bebop";"7.4K";"48";"2,616"
"Rosegardensr1";"https://www.modelhub.com/rosegardensr1";"1.7K";"6";"2,617"
"BootyFrutti";"https://www.modelhub.com/bootyfrutti";"11.7K";"43";"2,619"
"Flawlessmelissa";"https://www.modelhub.com/flawlessmelissa";"2.5K";"47";"2,620"
"CherryAleksa";"https://www.modelhub.com/cherryaleksa";"27.7K";"219";"2,621"
"SmartyKat314";"https://www.modelhub.com/smartykat314";"47.3K";"44";"2,622"
"ALetova";"https://www.modelhub.com/aletova";"1.7K";"24";"2,623"
"Nina Milano";"https://www.modelhub.com/ninamilano";"6.4K";"16";"2,624"
"Lemod6";"https://www.modelhub.com/lemod6";"43K";"80";"2,626"
"NikkieRae";"https://www.modelhub.com/nikkierae";"21.9K";"64";"2,629"
"Curious Nymphet";"https://www.modelhub.com/curious-nymphet";"26.5K";"201";"2,630"
"ASMR_Bunny";"https://www.modelhub.com/asmr_bunny";"16.5K";"19";"2,631"
"HotKinkyJo";"https://www.modelhub.com/hotkinkyjo";"1.1K";"25";"2,632"
"Thevelvetbunny";"https://www.modelhub.com/thevelvetbunny";"49.8K";"67";"2,634"
"BlackMatombosPrey";"https://www.modelhub.com/blackmatombosprey";"1.9K";"26";"2,635"
"MandieMaytag";"https://www.modelhub.com/mandiemaytag";"5.5K";"45";"2,637"
"Saerosoh";"https://www.modelhub.com/saerosoh";"4.9K";"17";"2,638"
"Mz Dani";"https://www.modelhub.com/mz-dani";"15.6K";"24";"2,640"
"T D J";"https://www.modelhub.com/t-d-j";"5.8K";"22";"2,641"
"Selina Kyl";"https://www.modelhub.com/selina-kyl";"5.9K";"26";"2,642"
"AwesomeKate";"https://www.modelhub.com/awesomekate";"49.6K";"35";"2,644"
"EvilToysKam";"https://www.modelhub.com/eviltoyskam";"31.4K";"113";"2,645"
"Angie Noir";"https://www.modelhub.com/angie-noir";"14.6K";"29";"2,647"
"Priyalini";"https://www.modelhub.com/priyalini";"49.6K";"113";"2,648"
"Ryden Armani";"https://www.modelhub.com/ryden-armani";"22.9K";"45";"2,650"
"Katja Miyatovich";"https://www.modelhub.com/katja-miyatovich";"35.9K";"17";"2,651"
"Ardentina";"https://www.modelhub.com/ardentina";"557";"15";"2,652"
"AVeryMilkyWay";"https://www.modelhub.com/averymilkyway";"3.8K";"47";"2,654"
"Your Kinky Kitten";"https://www.modelhub.com/your-kinky-kitten";"2.9K";"47";"2,655"
"AMWF_LISA";"https://www.modelhub.com/amwf_lisa";"9.3K";"24";"2,656"
"Lacey Loxxx";"https://www.modelhub.com/lacey-loxxx";"2K";"23";"2,657"
"Jizzyunitmmmmm";"https://www.modelhub.com/jizzyunitmmmmm";"157";"5";"2,658"
"Asimpleplan";"https://www.modelhub.com/asimpleplan";"9.3K";"41";"2,659"
"Helena Price";"https://www.modelhub.com/helena-price";"16.3K";"26";"2,660"
"ComeToDaddyG";"https://www.modelhub.com/cometodaddyg";"13.9K";"87";"2,661"
"Lily Flower";"https://www.modelhub.com/lily-flower";"16.3K";"118";"2,662"
"My Dirty Secret";"https://www.modelhub.com/my-dirty-secret";"15K";"61";"2,663"
"MyPawgWife";"https://www.modelhub.com/mypawgwife";"6.4K";"6";"2,664"
"Miss Liz";"https://www.modelhub.com/miss-liz";"1.3K";"33";"2,667"
"DaddiesBadLulGirl";"https://www.modelhub.com/daddiesbadlulgirl";"12.3K";"50";"2,668"
"Megan Marx";"https://www.modelhub.com/megan-marx";"61.6K";"172";"2,669"
"Katiithemilf";"https://www.modelhub.com/katiithemilf";"2.7K";"19";"2,670"
"ThaiNoLimit";"https://www.modelhub.com/thainolimit";"18.2K";"52";"2,671"
"Pinky Liz";"https://www.modelhub.com/pinky-liz";"4K";"20";"2,672"
"SatrinaEklypso";"https://www.modelhub.com/satrinaeklypso";"6.9K";"33";"2,674"
"Heather Deep";"https://www.modelhub.com/heather-deep";"84.6K";"179";"2,675"
"Daytona Hale";"https://www.modelhub.com/daytona-hale";"95.3K";"203";"2,676"
"Marissa Sweet";"https://www.modelhub.com/marissa-sweet";"15.2K";"76";"2,677"
"FarrahPFister";"https://www.modelhub.com/farrahpfister";"1.5K";"30";"2,678"
"Alex De La Flor";"https://www.modelhub.com/alex-de-la-flor";"18.8K";"48";"2,679"
"Nikki Peach";"https://www.modelhub.com/nikkispeachy";"7.8K";"48";"2,681"
"Waleskaa";"https://www.modelhub.com/waleskaa";"2.4K";"34";"2,682"
"Melanie Schweiger";"https://www.modelhub.com/melanie-schweiger";"3.5K";"18";"2,683"
"DirtyFamily";"https://www.modelhub.com/dirtyfamily";"114K";"288";"2,684"
"IPorn X";"https://www.modelhub.com/iporn-x";"8.5K";"32";"2,686"
"Yasmibutt";"https://www.modelhub.com/yasmibutt";"38.8K";"90";"2,689"
"Nidalee18";"https://www.modelhub.com/nidalee18";"19.7K";"32";"2,690"
"Liketo1983";"https://www.modelhub.com/liketo1983";"8.6K";"33";"2,691"
"Filakia";"https://www.modelhub.com/filakia";"1.5K";"32";"2,694"
"Scoopcake";"https://www.modelhub.com/scoopcake";"3.4K";"20";"2,695"
"Mysticalphoto";"https://www.modelhub.com/mysticalphoto";"31.6K";"48";"2,696"
"Amateur Blowjob HD";"https://www.modelhub.com/amateur-blowjob-hd";"2.4K";"31";"2,697"
"Daisydoesit100";"https://www.modelhub.com/daisydoesit100";"8.5K";"49";"2,698"
"Miss Ania";"https://www.modelhub.com/miss-ania";"34.4K";"58";"2,699"
"SadieQuinn";"https://www.modelhub.com/sadiequinn";"3.4K";"15";"2,700"
"BrennaBaileyXX";"https://www.modelhub.com/brennabaileyxx";"1.3K";"22";"2,702"
"RebelRuth";"https://www.modelhub.com/rebelruth";"2.6K";"31";"2,703"
"Reini Rollins";"https://www.modelhub.com/reini-rollins";"14.8K";"74";"2,704"
"MomAndStepSon";"https://www.modelhub.com/momandstepson";"111K";"64";"2,705"
"Astroci";"https://www.modelhub.com/astroci";"3K";"7";"2,706"
"TurangaDen";"https://www.modelhub.com/turangaden";"13.2K";"57";"2,708"
"NerdyGothCurves";"https://www.modelhub.com/nerdygothcurves";"7.3K";"57";"2,709"
"Alexa_Prime";"https://www.modelhub.com/alexa_prime";"13.6K";"38";"2,710"
"Tyler Rose";"https://www.modelhub.com/tyler-rose";"8.2K";"20";"2,711"
"TheAvaMarie";"https://www.modelhub.com/theavamarie";"4.4K";"97";"2,712"
"Lou Lou Lolly";"https://www.modelhub.com/lou-lou-lolly";"2.1K";"36";"2,717"
"Rhaelith";"https://www.modelhub.com/rhaelith";"35.9K";"85";"2,718"
"Voyeurcouplenyc";"https://www.modelhub.com/voyeurcouplenyc";"15.5K";"85";"2,719"
"Mia Nyx";"https://www.modelhub.com/mia-nyx";"4.7K";"57";"2,720"
"Allie Awesome";"https://www.modelhub.com/allie-awesome";"4.4K";"14";"2,722"
"Devoutdevour";"https://www.modelhub.com/devoutdevour";"2.8K";"49";"2,725"
"Sjh1970";"https://www.modelhub.com/sjh1970";"2K";"62";"2,726"
"XxxHaven";"https://www.modelhub.com/xxxhaven";"27.7K";"21";"2,727"
"Mr And Mrs H";"https://www.modelhub.com/mr-and-mrs-h";"997";"10";"2,728"
"Yalarila";"https://www.modelhub.com/yalarila";"2.3K";"63";"2,730"
"Katerina Hartlova";"https://www.modelhub.com/katerina-hartlova";"60.4K";"106";"2,731"
"SlenderSisi";"https://www.modelhub.com/slendersisi";"9K";"33";"2,733"
"Maria Vertigo";"https://www.modelhub.com/maria-vertigo";"93.5K";"205";"2,734"
"Unknown";"https://www.modelhub.com/msstacy08";"525K";"256";"notPage"
"DavnJacky";"https://www.modelhub.com/davnjacky";"5.9K";"12";"2,737"
"Kendra Kox";"https://www.modelhub.com/kendra-kox";"3.1K";"28";"2,738"
"GGummii";"https://www.modelhub.com/ggummii";"11.7K";"65";"2,739"
"Bellawitch";"https://www.modelhub.com/bellawitch";"3.4K";"43";"2,740"
"Lilly Red";"https://www.modelhub.com/lilly-red";"13.1K";"57";"2,741"
"Dulcetsdaddy";"https://www.modelhub.com/dulcetsdaddy";"7.8K";"3";"2,742"
"Cucurina";"https://www.modelhub.com/cucurina";"4.1K";"37";"2,743"
"Claudia Macc";"https://www.modelhub.com/claudia-macc";"19K";"71";"2,744"
"Miss Mina";"https://www.modelhub.com/miss-mina";"33.8K";"56";"2,745"
"DesertButtonsxx";"https://www.modelhub.com/desertbuttonsxx";"263";"18";"2,746"
"Chassidy Lynn";"https://www.modelhub.com/chassidy-lynn";"29.9K";"143";"2,747"
"Delicious Liv";"https://www.modelhub.com/delicious-liv";"35.1K";"150";"2,749"
"Mackenzie Wolfe";"https://www.modelhub.com/mackenzie-wolfe";"22.9K";"64";"2,752"
"Nani Allure Monroe";"https://www.modelhub.com/nani-allure-monroe";"2.7K";"6";"2,753"
"Thot_Box";"https://www.modelhub.com/thot_box";"5.8K";"71";"2,754"
"Curiouscutie";"https://www.modelhub.com/curiouscutie";"6.4K";"51";"2,755"
"Katie Kush";"https://www.modelhub.com/katiekushxx";"2.4K";"18";"2,757"
"Katherinevonpussy";"https://www.modelhub.com/katherinevonpussy";"4.8K";"20";"2,758"
"Nina Rika";"https://www.modelhub.com/nina-rika";"10.1K";"28";"2,759"
"Penelope Peach";"https://www.modelhub.com/penelope-peach";"34.6K";"83";"2,760"
"Ms London";"https://www.modelhub.com/ms-london";"1.1K";"2";"2,762"
"TheCoupleThatShows";"https://www.modelhub.com/thecouplethatshows";"7K";"44";"2,763"
"TheHotChocolate";"https://www.modelhub.com/thehotchocolate";"18.4K";"37";"2,764"
"Liv Mocha";"https://www.modelhub.com/liv-mocha";"6.4K";"26";"2,765"
"Lara De Santis";"https://www.modelhub.com/lara-de-santis";"33.3K";"66";"2,766"
"Tesla Taylor";"https://www.modelhub.com/tesla-taylor";"128K";"38";"2,767"
"Lux Neon";"https://www.modelhub.com/lux-neon";"1.4K";"28";"2,768"
"Kissmythong";"https://www.modelhub.com/kissmythong";"14.1K";"45";"2,769"
"Miriam Prado";"https://www.modelhub.com/miriam-prado";"77.3K";"115";"2,770"
"StoutCoupleCl";"https://www.modelhub.com/stoutcouplecl";"12K";"27";"2,773"
"Natie Del";"https://www.modelhub.com/natie-del";"56K";"158";"2,774"
"DaddyandKittenn";"https://www.modelhub.com/daddyandkittenn";"49.6K";"57";"2,775"
"Honey Gold";"https://www.modelhub.com/honey-gold";"15.2K";"2";"2,777"
"Charlotte Ask";"https://www.modelhub.com/charlotte-ask";"7.6K";"45";"2,780"
"Brunoymariaoficial";"https://www.modelhub.com/brunoymariaoficial";"24.9K";"107";"2,781"
"Lavinia Della Love";"https://www.modelhub.com/lavinia-della-love";"149K";"935";"2,782"
"Petra Hunter";"https://www.modelhub.com/petra-hunter";"118K";"282";"2,783"
"Alice_kosmos";"https://www.modelhub.com/alice_kosmos";"9.3K";"6";"2,785"
"Dixie Rose";"https://www.modelhub.com/dixie-rose";"4.6K";"20";"2,787"
"Jthick69";"https://www.modelhub.com/jthick69";"8.8K";"40";"2,788"
"Giovanni Royale";"https://www.modelhub.com/giovanni-royale";"767";"12";"2,789"
"Savannah Savage";"https://www.modelhub.com/savannah-savage";"18.6K";"42";"2,792"
"Bee Flawless";"https://www.modelhub.com/bee-flawless";"5.6K";"17";"2,793"
"Ms Moonberry";"https://www.modelhub.com/ms-moonberry";"34.5K";"235";"2,794"
"Evil Pixie";"https://www.modelhub.com/evil-pixie";"6.2K";"50";"2,795"
"FacelessCoupleThong";"https://www.modelhub.com/facelesscouplethong";"13.4K";"126";"2,798"
"Mwaixxx";"https://www.modelhub.com/mwaixxx";"8.3K";"43";"2,799"
"OfficialHeiMi";"https://www.modelhub.com/officialheimi";"430";"2";"2,800"
"Gawslee";"https://www.modelhub.com/gawslee";"21.9K";"91";"2,801"
"CrystalBae27";"https://www.modelhub.com/crystalbae27";"29.3K";"33";"2,802"
"Iheartbaegl";"https://www.modelhub.com/iheartbaegl";"30.9K";"114";"2,803"
"Andrea Sky";"https://www.modelhub.com/andrea-sky";"107K";"259";"2,804"
"Suraya Stars";"https://www.modelhub.com/suraya-stars";"32K";"29";"2,805"
"YoungDumbAnBroke";"https://www.modelhub.com/youngdumbanbroke";"4.9K";"39";"2,806"
"Laurelita";"https://www.modelhub.com/laurelita";"1.6K";"44";"2,808"
"Sherry Stunns";"https://www.modelhub.com/sherry-stunns";"11.6K";"80";"2,810"
"Isis Moone";"https://www.modelhub.com/isis-moone";"1.9K";"18";"2,811"
"Peachyyqueenn";"https://www.modelhub.com/peachyyqueenn";"18.2K";"366";"2,812"
"Bailey Love";"https://www.modelhub.com/bailey-love";"17.5K";"29";"2,813"
"Annie Cunnings";"https://www.modelhub.com/annie-cunnings";"8.8K";"57";"2,815"
"Miss Susan";"https://www.modelhub.com/miss-susan";"92.2K";"126";"2,816"
"LittleBoo";"https://www.modelhub.com/littleboo";"20.7K";"25";"2,817"
"Annykate";"https://www.modelhub.com/annykate";"32.5K";"91";"2,818"
"Petra Prava";"https://www.modelhub.com/petra-prava";"5.3K";"13";"2,820"
"African_Pearadise";"https://www.modelhub.com/african_pearadise";"2.7K";"8";"2,821"
"Daenerys2019";"https://www.modelhub.com/daenerys2019";"19K";"114";"2,822"
"Cordie King";"https://www.modelhub.com/cordie-king";"51.7K";"180";"2,825"
"Michelle Anthony";"https://www.modelhub.com/michelle-anthony";"818";"17";"2,826"
"Lor_ena";"https://www.modelhub.com/lor_ena";"12.2K";"84";"2,827"
"Cherryflowerxxx";"https://www.modelhub.com/cherryflowerxxx";"33.7K";"34";"2,829"
"Lady Bellatrix";"https://www.modelhub.com/lady-bellatrix";"36.5K";"247";"2,831"
"Sasha Ruiz";"https://www.modelhub.com/sasha-ruiz";"300";"4";"2,832"
"PerfectLilPussy";"https://www.modelhub.com/perfectlilpussy";"969";"7";"2,833"
"Innocentjuliamarie";"https://www.modelhub.com/innocentjuliamarie";"34.2K";"232";"2,834"
"Closeup_couple";"https://www.modelhub.com/closeup_couple";"7.1K";"28";"2,837"
"GreyDesire69";"https://www.modelhub.com/greydesire69";"6.8K";"54";"2,838"
"My_Little_Bitch";"https://www.modelhub.com/my_little_bitch";"3.5K";"34";"2,839"
"Christie Cougar";"https://www.modelhub.com/christie-cougar";"3.5K";"49";"2,840"
"Vixenmoon";"https://www.modelhub.com/vixenmoon";"1.8K";"4";"2,842"
"Monique Alexander";"https://www.modelhub.com/monique-alexander";"4.2K";"15";"2,843"
"MistressLovely";"https://www.modelhub.com/mistresslovely";"5.2K";"32";"2,844"
"Pluto Skye";"https://www.modelhub.com/pluto-skye";"751";"40";"2,848"
"Aisha Star";"https://www.modelhub.com/aisha-star";"3K";"42";"2,850"
"Killjoywinters";"https://www.modelhub.com/killjoywinters";"4.5K";"35";"2,852"
"Bambi Bluu";"https://www.modelhub.com/bambi-bluu";"18K";"101";"2,853"
"DaddyzFavWhore";"https://www.modelhub.com/daddyzfavwhore";"4.7K";"23";"2,854"
"SashaSparrow";"https://www.modelhub.com/sashasparrow";"8.2K";"38";"2,855"
"Purity Sin";"https://www.modelhub.com/purity-sin";"117K";"551";"2,856"
"Amyjolie";"https://www.modelhub.com/amyjolie";"13.9K";"59";"2,857"
"Paola Andrea Lizcano Montoya";"https://www.modelhub.com/paola-andrea-lizcano-montoya";"943";"9";"2,858"
"Samantha Hayes";"https://www.modelhub.com/samantha-hayes";"13.1K";"38";"2,859"
"MJaneChick";"https://www.modelhub.com/mjanechick";"366";"17";"2,861"
"GlamourXvip";"https://www.modelhub.com/glamourxvip";"57K";"222";"2,864"
"Annamalia";"https://www.modelhub.com/annamalia";"7.9K";"19";"2,867"
"SatineEtBig";"https://www.modelhub.com/satineetbig";"20.6K";"56";"2,868"
"MySkinnyGF";"https://www.modelhub.com/myskinnygf";"10.9K";"63";"2,869"
"Little Wet Kitty";"https://www.modelhub.com/little-wet-kitty";"8.9K";"42";"2,870"
"Romi Rain";"https://www.modelhub.com/romi-rain";"123K";"50";"2,871"
"PubliciansRebel";"https://www.modelhub.com/publiciansrebel";"639";"14";"2,872"
"Mineirasafada";"https://www.modelhub.com/mineirasafada";"4.7K";"69";"2,875"
"EbonyGoddessKira";"https://www.modelhub.com/ebonygoddesskira";"11.4K";"73";"2,876"
"Mistress Zoey";"https://www.modelhub.com/mistress-zoey";"65K";"385";"2,877"
"Alicia Strong";"https://www.modelhub.com/alicia-strong";"14.5K";"44";"2,878"
"MagicCookieGirl";"https://www.modelhub.com/magiccookiegirl";"3.8K";"58";"2,880"
"Vera Velvet";"https://www.modelhub.com/vera-velvet";"1.4K";"6";"2,883"
"Dani California";"https://www.modelhub.com/dani-california";"6.6K";"47";"2,884"
"Tender Montana";"https://www.modelhub.com/tender-montana";"17.1K";"19";"2,885"
"AlexisPawg";"https://www.modelhub.com/alexispawg";"2.5K";"62";"2,886"
"W3ttkitty69";"https://www.modelhub.com/w3ttkitty69";"11.4K";"56";"2,887"
"Aurorapolaris";"https://www.modelhub.com/aurorapolaris";"102K";"248";"2,888"
"FlowHoe";"https://www.modelhub.com/flowhoe";"6K";"22";"2,889"
"Funandgames18";"https://www.modelhub.com/funandgames18";"26.8K";"16";"2,891"
"FoxyAleksa";"https://www.modelhub.com/foxyaleksa";"4.6K";"149";"2,892"
"Krystal Moanz";"https://www.modelhub.com/krystal-moanz";"11.8K";"19";"2,894"
"Lillie007";"https://www.modelhub.com/lillie007";"1.7K";"15";"2,895"
"Eva And Silas";"https://www.modelhub.com/eva-and-silas";"24.6K";"66";"2,899"
"JUSTinSHAallways";"https://www.modelhub.com/justinshaallways";"1.4K";"27";"2,900"
"Layla Frost";"https://www.modelhub.com/layla-frost";"72";"7";"2,903"
"Skyestone9";"https://www.modelhub.com/skyestone9";"3.9K";"34";"2,904"
"Royalexi";"https://www.modelhub.com/royalexi";"5.5K";"13";"2,905"
"Pheonixx Starr";"https://www.modelhub.com/pheonixx--starr";"7.5K";"11";"2,906"
"Emilybigass";"https://www.modelhub.com/emilybigass";"127K";"702";"2,908"
"Kassandra Stone";"https://www.modelhub.com/kassandra-stone";"22.7K";"72";"2,909"
"Iren Wagner";"https://www.modelhub.com/iren-wagner";"8.9K";"12";"2,910"
"Dreambabixx";"https://www.modelhub.com/dreambabixx";"11.8K";"21";"2,912"
"NapkinDeficiency";"https://www.modelhub.com/napkindeficiency";"4.9K";"61";"2,913"
"Lacey Laid";"https://www.modelhub.com/lacey-laid";"975";"22";"2,914"
"Talia Lacie";"https://www.modelhub.com/talia-lacie";"1.8K";"33";"2,915"
"JackieJupiter";"https://www.modelhub.com/jackiejupiter";"1.3K";"7";"2,916"
"AngelMoans";"https://www.modelhub.com/angelmoans";"3.6K";"8";"2,919"
"AsianDThroat";"https://www.modelhub.com/asiandthroat";"3.5K";"33";"2,920"
"Sage Daniels";"https://www.modelhub.com/sage-daniels";"9.8K";"49";"2,922"
"Sebas Maris";"https://www.modelhub.com/sebas-maris";"7.3K";"69";"2,925"
"La Mala Suarez";"https://www.modelhub.com/la-mala-suarez";"6.1K";"17";"2,927"
"Ssaddy";"https://www.modelhub.com/ssaddy";"396";"8";"2,928"
"Julwinks";"https://www.modelhub.com/julwinks";"2.1K";"16";"2,930"
"Bianca Baker";"https://www.modelhub.com/biancabaker";"6.8K";"136";"2,932"
"Hotwifedutchy";"https://www.modelhub.com/hotwifedutchy";"1.5K";"10";"2,933"
"AnastasiaGree";"https://www.modelhub.com/anastasiagree";"67.9K";"377";"2,934"
"High Sabrin";"https://www.modelhub.com/high-sabrin";"14.6K";"188";"2,936"
"BeautifullXXX";"https://www.modelhub.com/beautifullxxx";"11.4K";"53";"2,940"
"LiamLily";"https://www.modelhub.com/liamlily";"9.1K";"29";"2,941"
"Brook Logan";"https://www.modelhub.com/brook-logan";"30.4K";"130";"2,942"
"Miss Licky";"https://www.modelhub.com/miss-licky";"16K";"17";"2,944"
"Mefantasy";"https://www.modelhub.com/mefantasy";"2.2K";"26";"2,945"
"Do-It-All-Together";"https://www.modelhub.com/do-it-all-together";"2.3K";"25";"2,947"
"LuckyLexy";"https://www.modelhub.com/luckylexy";"2.5K";"2";"2,948"
"MERE TRIX";"https://www.modelhub.com/mere-trix";"3K";"14";"2,949"
"QueenFB";"https://www.modelhub.com/queenfb";"57.2K";"319";"2,950"
"Misspoon";"https://www.modelhub.com/misspoon";"21K";"117";"2,952"
"TheWHCouple";"https://www.modelhub.com/thewhcouple";"101";"5";"2,953"
"Collegeluv";"https://www.modelhub.com/collegeluv";"36.1K";"107";"2,954"
"Helena G";"https://www.modelhub.com/helena-g";"803";"8";"2,955"
"Lily Smithyy";"https://www.modelhub.com/lily-smithyy";"10.2K";"153";"2,958"
"Mary Margarita";"https://www.modelhub.com/mary-margarita";"55.6K";"117";"2,959"
"JuicyViews";"https://www.modelhub.com/juicyviews";"630";"10";"2,961"
"Thrasherbrat";"https://www.modelhub.com/thrasherbrat";"20.1K";"100";"2,962"
"Kitty Baby";"https://www.modelhub.com/kitty-baby";"7.6K";"22";"2,963"
"Alphaninja7";"https://www.modelhub.com/alphaninja7";"58.6K";"143";"2,964"
"Tony And Strawberry";"https://www.modelhub.com/tony-and-strawberry";"20K";"39";"2,966"
"VampireCollective";"https://www.modelhub.com/vampirecollective";"8.3K";"9";"2,967"
"Bradyandlynncooper";"https://www.modelhub.com/bradyandlynncooper";"26K";"55";"2,968"
"Tanya Hansen";"https://www.modelhub.com/tanya-hansen";"23.8K";"117";"2,971"
"Marcy Diamond";"https://www.modelhub.com/marcy-diamond";"40.7K";"76";"2,974"
"Cinefeet";"https://www.modelhub.com/cinefeet";"24.2K";"95";"2,975"
"Queen Zena";"https://www.modelhub.com/queen-zena";"4.9K";"20";"2,976"
"CreamBelle";"https://www.modelhub.com/creambelle";"9.1K";"45";"2,979"
"Missfaceless";"https://www.modelhub.com/missfaceless";"2.2K";"9";"2,980"
"AlishaWhite";"https://www.modelhub.com/alishawhite";"15.7K";"37";"2,981"
"Ashley Mason";"https://www.modelhub.com/ashley-mason";"4.6K";"10";"2,982"
"MsCassieCummings";"https://www.modelhub.com/mscassiecummings";"6.1K";"55";"2,984"
"Mylie Blonde";"https://www.modelhub.com/mylie-blonde";"36.4K";"150";"2,986"
"Exploringcouple4";"https://www.modelhub.com/exploringcouple4";"3.5K";"18";"2,987"
"Ebony Stone";"https://www.modelhub.com/ebony-stone";"2.7K";"43";"2,988"
"Squishingmistress";"https://www.modelhub.com/squishingmistress";"906";"22";"2,989"
"Thelazycouple";"https://www.modelhub.com/thelazycouple";"7.5K";"35";"2,990"
"Dexripoff";"https://www.modelhub.com/dexripoff";"1.8K";"11";"2,991"
"DuBarry";"https://www.modelhub.com/dubarry";"345K";"116";"2,992"
"Leianam";"https://www.modelhub.com/leianam";"5.7K";"11";"2,993"
"Emmaculatee";"https://www.modelhub.com/emmaculatee";"17.2K";"11";"2,995"
"GINAMILF";"https://www.modelhub.com/ginamilf";"30K";"71";"2,996"
"Emmy Demure";"https://www.modelhub.com/emmy-demure";"18.8K";"26";"2,997"
"Preston Lee";"https://www.modelhub.com/preston-lee";"316";"4";"2,998"
"StudinFL";"https://www.modelhub.com/studinfl";"3.1K";"14";"2,999"
"Skyla Pink";"https://www.modelhub.com/skyla-pink";"4.8K";"22";"3,000"
"Dm-Movies";"https://www.modelhub.com/dm-movies";"56.3K";"159";"3,001"
"Jaebird1981";"https://www.modelhub.com/jaebird1981";"2.4K";"29";"3,002"
"PinkMangos";"https://www.modelhub.com/pinkmangos";"12.9K";"21";"3,004"
"Littlesizeprincess";"https://www.modelhub.com/littlesizeprincess";"5.4K";"26";"3,005"
"Whorestrainer";"https://www.modelhub.com/whorestrainer";"2.1K";"67";"3,006"
"Violet Myers";"https://www.modelhub.com/violet-myers";"12.2K";"8";"3,007"
"Jess And Mike";"https://www.modelhub.com/jess-and-mike";"34.1K";"89";"3,010"
"WaldemaRia";"https://www.modelhub.com/waldemaria";"3K";"38";"3,011"
"London Keyes";"https://www.modelhub.com/london-keyes";"14.7K";"28";"3,012"
"May Love";"https://www.modelhub.com/may-love";"11.2K";"514";"3,013"
"Jasperblue";"https://www.modelhub.com/jasperblue";"12.1K";"18";"3,016"
"Masha Yang";"https://www.modelhub.com/masha-yang";"2.3K";"13";"3,018"
"Nikki Cole";"https://www.modelhub.com/nikki-cole";"3.5K";"21";"3,019"
"SexualShinobi";"https://www.modelhub.com/sexualshinobi";"3.1K";"9";"3,020"
"ErickaAries";"https://www.modelhub.com/erickaaries";"11.9K";"100";"3,021"
"Busty Milf";"https://www.modelhub.com/busty-milf";"12.4K";"175";"3,022"
"LITOGCOUPLE";"https://www.modelhub.com/litogcouple";"42.8K";"67";"3,023"
"Giulia Sweet";"https://www.modelhub.com/giulia-sweet";"180";"14";"3,024"
"Pelona Squirter Queen";"https://www.modelhub.com/pelona-squirter-queen";"7.8K";"41";"3,025"
"Demon Girl";"https://www.modelhub.com/demon-girl";"3.4K";"36";"3,026"
"Goddess Varian";"https://www.modelhub.com/goddess-varian";"23.6K";"15";"3,028"
"Peakachew";"https://www.modelhub.com/peakachew";"765";"6";"3,031"
"Christina Shine";"https://www.modelhub.com/christina-shine";"7.6K";"15";"3,033"
"Summerstrips";"https://www.modelhub.com/summerstrips";"956";"23";"3,034"
"Ur2dwaifu";"https://www.modelhub.com/ur2dwaifu";"17.9K";"43";"3,035"
"Flame_Jade";"https://www.modelhub.com/flame_jade";"11K";"77";"3,036"
"Sweet Nymph";"https://www.modelhub.com/sweet-nymph";"3K";"38";"3,038"
"DixiePixie69";"https://www.modelhub.com/dixiepixie69";"145";"3";"3,039"
"Suzie Honeydew";"https://www.modelhub.com/suzie-honeydew";"4.3K";"37";"3,040"
"Lucy Doll";"https://www.modelhub.com/lucydoll";"4.7K";"28";"3,041"
"Karma Rx";"https://www.modelhub.com/karma-rx";"20K";"10";"3,042"
"Sativa Skies";"https://www.modelhub.com/sativa-skies";"13.3K";"29";"3,043"
"Chicaconejo99";"https://www.modelhub.com/chicaconejo99";"324";"13";"3,046"
"Renee Gracie";"https://www.modelhub.com/renee-gracie";"1K";"3";"3,047"
"TheGoddessOfLust";"https://www.modelhub.com/thegoddessoflust";"6.9K";"88";"3,048"
"Rina_vlog";"https://www.modelhub.com/rina_vlog";"839";"23";"3,049"
"Vegheadprincess";"https://www.modelhub.com/vegheadprincess";"8.3K";"52";"3,051"
"Lauren Pixie";"https://www.modelhub.com/lauren-pixie";"217";"4";"3,052"
"Tory Sweety";"https://www.modelhub.com/tory-sweety";"7.1K";"19";"3,053"
"Your Little Angel";"https://www.modelhub.com/your-little-angel";"27.9K";"64";"3,054"
"Shely81";"https://www.modelhub.com/shely81";"72.8K";"217";"3,055"
"Jenna Foxx";"https://www.modelhub.com/jenna-foxx";"3.2K";"19";"3,056"
"Spicy Fuchsia";"https://www.modelhub.com/spicy-fuchsia";"11.1K";"87";"3,058"
"LAURA MONROY";"https://www.modelhub.com/laura-monroy";"4K";"18";"3,059"
"Waifusha";"https://www.modelhub.com/waifusha";"310";"5";"3,062"
"Sefira";"https://www.modelhub.com/sefira";"101K";"146";"3,063"
"KingOfCreampies";"https://www.modelhub.com/kingofcreampies";"7.7K";"43";"3,065"
"Payton Avery";"https://www.modelhub.com/payton-avery";"7.6K";"4";"3,066"
"Kaitlyn Katsaros";"https://www.modelhub.com/kaitlyn-katsaros";"3.8K";"27";"3,067"
"Emma XxX";"https://www.modelhub.com/emma-xxx";"6.5K";"46";"3,069"
"Alice_coquine";"https://www.modelhub.com/alice_coquine";"4.9K";"6";"3,071"
"Cayenne Klein";"https://www.modelhub.com/cayenne-klein";"4.8K";"24";"3,073"
"Nattie Fox";"https://www.modelhub.com/nattie-fox";"4.5K";"122";"3,074"
"Lustfulxlisa";"https://www.modelhub.com/lustfulxlisa";"1.4K";"52";"3,075"
"FoxtheGoddess";"https://www.modelhub.com/foxthegoddess";"18.4K";"64";"3,076"
"Lia_XXX";"https://www.modelhub.com/lia_xxx";"199";"6";"3,077"
"Dayanna Sweet";"https://www.modelhub.com/dayanna-sweet";"10.8K";"18";"3,078"
"DarkDesires4k";"https://www.modelhub.com/darkdesires4k";"15.8K";"66";"3,079"
"Baby Christy";"https://www.modelhub.com/baby-christy";"7.7K";"42";"3,080"
"Babiqueen";"https://www.modelhub.com/babiqueen";"622";"11";"3,081"
"Toya Tickles";"https://www.modelhub.com/toya-tickles";"10K";"70";"3,083"
"Manuella Rose";"https://www.modelhub.com/manuella-rose";"1.6K";"24";"3,085"
"FoBoss13";"https://www.modelhub.com/foboss13";"4.5K";"43";"3,086"
"Upendi Jackson";"https://www.modelhub.com/upendi-jackson";"8.6K";"32";"3,087"
"Cherry Poppns";"https://www.modelhub.com/cherry-poppns";"2K";"31";"3,088"
"Sallyomalley39";"https://www.modelhub.com/sallyomalley39";"21.2K";"130";"3,089"
"Sweet Feet NZ";"https://www.modelhub.com/sweet-feet-nz";"35.4K";"249";"3,090"
"Luna Corazon";"https://www.modelhub.com/luna-corazon";"13.1K";"35";"3,093"
"RedKiteKat";"https://www.modelhub.com/redkitekat";"13.7K";"81";"3,094"
"DollLittle";"https://www.modelhub.com/dolllittle";"676";"20";"3,096"
"Ivy Steel";"https://www.modelhub.com/ivy-steel";"15.1K";"56";"3,097"
"Lucky Macky";"https://www.modelhub.com/lucky-macky";"14.1K";"52";"3,101"
"Roserenrose";"https://www.modelhub.com/roserenrose";"13.2K";"98";"3,103"
"Bella Ogurech";"https://www.modelhub.com/bella-ogurech";"24.5K";"79";"3,104"
"Jupiter Domina";"https://www.modelhub.com/jupiter-domina";"16.8K";"30";"3,105"
"Leigh Raven";"https://www.modelhub.com/leigh-raven";"1.8K";"21";"3,106"
"Alexis Rain";"https://www.modelhub.com/alexis-rain";"62.7K";"86";"3,108"
"Violet Kitty";"https://www.modelhub.com/violet-kitty";"9.9K";"24";"3,109"
"Jennifer Amton";"https://www.modelhub.com/jennifer-amton";"64.8K";"57";"3,110"
"Aria Haze";"https://www.modelhub.com/aria-haze";"26.3K";"5";"3,111"
"Campsissyboi";"https://www.modelhub.com/campsissyboi";"37.5K";"443";"3,112"
"DrippyxRed";"https://www.modelhub.com/drippyxred";"1.2K";"10";"3,114"
"Zoeyjolene";"https://www.modelhub.com/zoeyjolene";"25.8K";"169";"3,115"
"RileyXDominique";"https://www.modelhub.com/rileyxdominique";"1.4K";"5";"3,116"
"OwnedFotze";"https://www.modelhub.com/ownedfotze";"34.6K";"121";"3,117"
"Melody Cummings";"https://www.modelhub.com/melody-cummings";"14.7K";"53";"3,118"